Handle,Title,Type,Tags,Variant Lookup Method
sports-bag-bc-0452,Sports Bag- BC-0452,Sports Accessories,Sports Bags,Shopify theme /products/{handle}.js first available variant
sports-bag-bc-0451,Sports Bag- BC-0451,Sports Accessories,Sports Bags,Shopify theme /products/{handle}.js first available variant
sports-bag-bc-0450,Sports Bag- BC-0450,Sports Accessories,Sports Bags,Shopify theme /products/{handle}.js first available variant
sports-bag-bc-0449,Sports Bag- BC-0449,Sports Accessories,Sports Bags,Shopify theme /products/{handle}.js first available variant
sports-bag-bc-0448,Sports Bag- BC-0448,Sports Accessories,Sports Bags,Shopify theme /products/{handle}.js first available variant
sports-bag-bc-0447,Sports Bag- BC-0447,Sports Accessories,Sports Bags,Shopify theme /products/{handle}.js first available variant
sports-bag-product-code-bc-0446,Sports Bag- BC-0446,Sports Accessories,Sports Bags,Shopify theme /products/{handle}.js first available variant
sports-bag-bc-0445,Sports Bag- BC-0445,Sports Accessories,Sports Bags,Shopify theme /products/{handle}.js first available variant
sports-bag-bc-0444,Sports Bag- BC-0444,Sports Accessories,Sports Bags,Shopify theme /products/{handle}.js first available variant
sports-bag-bc-0443,Sports Bag- BC-0443,Sports Accessories,Sports Bags,Shopify theme /products/{handle}.js first available variant
face-mask-ski-mask-bc-0135,Face Mask / Ski Mask- BC-0135,Sports Accessories,Face Masks/ Ski Masks,Shopify theme /products/{handle}.js first available variant
face-mask-ski-mask-bc-0134,Face Mask / Ski Mask- BC-0134,Sports Accessories,Face Masks/ Ski Masks,Shopify theme /products/{handle}.js first available variant
face-mask-ski-mask-bc-0133,Face Mask / Ski Mask- BC-0133,Sports Accessories,Face Masks/ Ski Masks,Shopify theme /products/{handle}.js first available variant
face-mask-ski-mask-bc-0132,Face Mask / Ski Mask- BC-0132,Sports Accessories,Face Masks/ Ski Masks,Shopify theme /products/{handle}.js first available variant
face-mask-ski-mask-bc-0131,Face Mask / Ski Mask- BC-0131,Sports Accessories,Face Masks/ Ski Masks,Shopify theme /products/{handle}.js first available variant
face-mask-ski-mask-bc-0130,Face Mask / Ski Mask- BC-0130,Sports Accessories,Face Masks/ Ski Masks,Shopify theme /products/{handle}.js first available variant
face-mask-ski-mask-bc-0129,Face Mask / Ski Mask- BC-0129,Sports Accessories,Face Masks/ Ski Masks,Shopify theme /products/{handle}.js first available variant
face-mask-ski-mask-bc-0128,Face Mask / Ski Mask- BC-0128,Sports Accessories,Face Masks/ Ski Masks,Shopify theme /products/{handle}.js first available variant
face-mask-ski-mask-bc-0127,Face Mask / Ski Mask- BC-0127,Sports Accessories,Face Masks/ Ski Masks,Shopify theme /products/{handle}.js first available variant
face-mask-ski-mask-bc-0126,Face Mask / Ski Mask- BC-0126,Sports Accessories,Face Masks/ Ski Masks,Shopify theme /products/{handle}.js first available variant
face-mask-ski-mask-bc-0125,Face Mask / Ski Mask- BC-0125,Sports Accessories,Face Masks/ Ski Masks,Shopify theme /products/{handle}.js first available variant
cycling-gloves-bc-0124,Cycling Gloves- BC-0124,Cycling Gloves,Gloves,Shopify theme /products/{handle}.js first available variant
cycling-gloves-bc-0123,Cycling Gloves- BC-0123,Cycling Gloves,Gloves,Shopify theme /products/{handle}.js first available variant
cycling-gloves-bc-0122,Cycling Gloves- BC-0122,Cycling Gloves,Gloves,Shopify theme /products/{handle}.js first available variant
cycling-gloves-bc-0121,Cycling Gloves- BC-0121,Cycling Gloves,Gloves,Shopify theme /products/{handle}.js first available variant
cycling-gloves-bc-0120,Cycling Gloves- BC-0120,Cycling Gloves,Gloves,Shopify theme /products/{handle}.js first available variant
cycling-gloves-bc-0119,Cycling Gloves- BC-0119,Cycling Gloves,Gloves,Shopify theme /products/{handle}.js first available variant
cycling-gloves-bc-0118,Cycling Gloves- BC-0118,Cycling Gloves,Gloves,Shopify theme /products/{handle}.js first available variant
cycling-gloves-bc-0117,Cycling Gloves- BC-0117,Cycling Gloves,Gloves,Shopify theme /products/{handle}.js first available variant
cycling-gloves-bc-0116,Cycling Gloves- BC-0116,Cycling Gloves,Gloves,Shopify theme /products/{handle}.js first available variant
cycling-gloves-product-code-bc-0115,Cycling Gloves- BC-0115,Cycling Gloves,Gloves,Shopify theme /products/{handle}.js first available variant
cycling-gloves-bc-0114,Cycling Gloves- BC-0114,Cycling Gloves,Gloves,Shopify theme /products/{handle}.js first available variant
cycling-gloves-bc-0113,Cycling Gloves- BC-0113,Cycling Gloves,Gloves,Shopify theme /products/{handle}.js first available variant
cycling-gloves-bc-0112,Cycling Gloves- BC-0112,Cycling Gloves,Gloves,Shopify theme /products/{handle}.js first available variant
weight-lifting-gloves-bc-0683,Weight Lifting Gloves- BC-0683,Weight Lifting Gloves,Boxing Gear,Shopify theme /products/{handle}.js first available variant
weight-lifting-gloves-bc-0682,Weight Lifting Gloves- BC-0682,Weight Lifting Gloves,Boxing Gear,Shopify theme /products/{handle}.js first available variant
weight-lifting-gloves-bc-0681,Weight Lifting Gloves- BC-0681,Weight Lifting Gloves,Boxing Gear,Shopify theme /products/{handle}.js first available variant
weight-lifting-gloves-bc-0680,Weight Lifting Gloves- BC-0680,Weight Lifting Gloves,Boxing Gear,Shopify theme /products/{handle}.js first available variant
weight-lifting-gloves-bc-0679,Weight Lifting Gloves- BC-0679,Weight Lifting Gloves,Boxing Gear,Shopify theme /products/{handle}.js first available variant
weight-lifting-gloves-bc-0678,Weight Lifting Gloves- BC-0678,Weight Lifting Gloves,Boxing Gear,Shopify theme /products/{handle}.js first available variant
weight-lifting-gloves-bc-0677,Weight Lifting Gloves- BC-0677,Weight Lifting Gloves,Boxing Gear,Shopify theme /products/{handle}.js first available variant
weight-lifting-gloves-bc-0676,Weight Lifting Gloves- BC-0676,Weight Lifting Gloves,Boxing Gear,Shopify theme /products/{handle}.js first available variant
weight-lifting-gloves-bc-0675,Weight Lifting Gloves- BC-0675,Weight Lifting Gloves,Boxing Gear,Shopify theme /products/{handle}.js first available variant
weight-lifting-belt-bc-0674,Weight Lifting Belt- BC-0674,Weight Lifting Belt,Boxing Gear,Shopify theme /products/{handle}.js first available variant
weight-lifting-belt-bc-0673,Weight Lifting Belt- BC-0673,Weight Lifting Belt,Boxing Gear,Shopify theme /products/{handle}.js first available variant
weight-lifting-belt-bc-0672,Weight Lifting Belt- BC-0672,Weight Lifting Belt,Boxing Gear,Shopify theme /products/{handle}.js first available variant
weight-lifting-belt-bc-0671,Weight Lifting Belt- BC-0671,Weight Lifting Belt,Boxing Gear,Shopify theme /products/{handle}.js first available variant
weight-lifting-belt-bc-0670,Weight Lifting Belt- BC-0670,Weight Lifting Belt,Boxing Gear,Shopify theme /products/{handle}.js first available variant
weight-lifting-belt-bc-0669,Weight Lifting Belt- BC-0669,Weight Lifting Belt,Boxing Gear,Shopify theme /products/{handle}.js first available variant
weight-lifting-belt-bc-0668,Weight Lifting Belt- BC-0668,Weight Lifting Belt,Boxing Gear,Shopify theme /products/{handle}.js first available variant
weight-lifting-belt-bc-0667,Weight Lifting Belt- BC-0667,Weight Lifting Belt,bo,Shopify theme /products/{handle}.js first available variant
weight-lifting-belt-bc-0666,Weight Lifting Belt- BC-0666,Weight Lifting Belt,Boxing Gear,Shopify theme /products/{handle}.js first available variant
weight-lifting-belt-bc-0665,Weight Lifting Belt- BC-0665,Weight Lifting Belt,Boxing Gear,Shopify theme /products/{handle}.js first available variant
wind-breaker-bc-0711,Wind Breaker- BC-0711,Wind Breaker,Coats,Shopify theme /products/{handle}.js first available variant
wind-breaker-bc-0710,Wind Breaker- BC-0710,Wind Breaker,Coats,Shopify theme /products/{handle}.js first available variant
wind-breaker-bc-0709,Wind Breaker- BC-0709,Wind Breaker,Coats,Shopify theme /products/{handle}.js first available variant
wind-breaker-bc-0708,Wind Breaker- BC-0708,Wind Breaker,Coats,Shopify theme /products/{handle}.js first available variant
wind-breaker-bc-0707,Wind Breaker- BC-0707,Wind Breaker,Coats,Shopify theme /products/{handle}.js first available variant
wind-breaker-bc-0706,Wind Breaker- BC-0706,Wind Breaker,Coats,Shopify theme /products/{handle}.js first available variant
wet-suit-bc-0705,Wet Suit- BC-0705,Wet Suit,Dive,Shopify theme /products/{handle}.js first available variant
wet-suit-bc-703,Wet Suit- BC-0703,Wet Suit,Dive,Shopify theme /products/{handle}.js first available variant
wet-suit-bc-0703,Wet Suit- BC-0703,Wet Suit,Dive,Shopify theme /products/{handle}.js first available variant
wet-suit-bc-0702,Wet Suit- BC-0702,Wet Suit,Dive,Shopify theme /products/{handle}.js first available variant
wet-suit-bc-0700,Wet Suit- BC-0700,Wet Suit,Dive,Shopify theme /products/{handle}.js first available variant
wet-suit-bc-0699,Wet Suit- BC-0699,Wet Suit,Dive,Shopify theme /products/{handle}.js first available variant
wet-suit-bc-0698,Wet Suit- BC-0698,Wet Suit,Dive,Shopify theme /products/{handle}.js first available variant
wet-suit-product-code-bc-0697,Wet Suit- BC-0697,Wet Suit,Dive,Shopify theme /products/{handle}.js first available variant
wet-suit-bc-0696,Wet Suit- BC-0696,Wet Suit,Dive,Shopify theme /products/{handle}.js first available variant
wet-suit-bc-0695,Wet Suit- BC-0695,Wet Suit,Dive,Shopify theme /products/{handle}.js first available variant
wet-suit-bc-0694,Wet Suit- BC-0694,Wet Suit,Dive,Shopify theme /products/{handle}.js first available variant
wet-suit-bc-0693,Wet Suit- BC-0693,Wet Suit,Dive,Shopify theme /products/{handle}.js first available variant
wet-suit-bc-0692,Wet Suit- BC-0692,Wet Suit,Dive,Shopify theme /products/{handle}.js first available variant
wet-suit-bc-0691,Wet Suit- BC-0691,Wet Suit,Dive,Shopify theme /products/{handle}.js first available variant
wet-suit-bc-0690,Wet Suit- BC-0690,Wet Suit,Dive,Shopify theme /products/{handle}.js first available variant
wet-suit-bc-0689,Wet Suit- BC-0689,Wet Suit,Dive,Shopify theme /products/{handle}.js first available variant
wet-suit-bc-0688,Wet Suit- BC-0688,Wet Suit,Dive,Shopify theme /products/{handle}.js first available variant
wet-suit-bc-0687,Wet Suit- BC-0687,Wet Suit,Dive,Shopify theme /products/{handle}.js first available variant
wet-suit-bc-0686,Wet Suit- BC-0686,Wet Suit,Dive,Shopify theme /products/{handle}.js first available variant
wet-suit-bc-0685,Wet Suit- BC-0685,Wet Suit,Dive,Shopify theme /products/{handle}.js first available variant
microfiber-tops-bc-0363,Wet Suit- BC-0684,Wet Suit,Dive,Shopify theme /products/{handle}.js first available variant
microfiber-tops-bc-0364,Microfiber Tops- BC-0364,Microfiber Tops,MMA Gear,Shopify theme /products/{handle}.js first available variant
microfiber-tops-bc-0365,Microfiber Tops- BC-0365,Microfiber Tops,MMA Gear,Shopify theme /products/{handle}.js first available variant
microfiber-tops-bc-0216,Microfiber Tops- BC-0216,Microfiber Tops,MMA Gear,Shopify theme /products/{handle}.js first available variant
microfiber-tops-bc-0217,Microfiber Tops- BC-0217,Microfiber Tops,MMA Gear,Shopify theme /products/{handle}.js first available variant
microfiber-tops-bc-0218,Microfiber Tops- BC-0218,Microfiber Tops,MMA Gear,Shopify theme /products/{handle}.js first available variant
microfiber-tops-bc-0219,Microfiber Tops- BC-0219,Microfiber Tops,MMA Gear,Shopify theme /products/{handle}.js first available variant
microfiber-tops-bc-0220,Microfiber Tops- BC-0220,Microfiber Tops,MMA Gear,Shopify theme /products/{handle}.js first available variant
microfiber-tops-bc-0221,Microfiber Tops- BC-0221,Microfiber Tops,MMA Gear,Shopify theme /products/{handle}.js first available variant
microfiber-tops-bc-0222,Microfiber Tops- BC-0222,Microfiber Tops,MMA Gear,Shopify theme /products/{handle}.js first available variant
microfiber-tops-bc-0223,Microfiber Tops- BC-0223,Microfiber Tops,MMA Gear,Shopify theme /products/{handle}.js first available variant
microfiber-tops-bc-0224,Microfiber Tops- BC-0224,Microfiber Tops,MMA Gear,Shopify theme /products/{handle}.js first available variant
microfiber-tops-bc-0225,Microfiber Tops- BC-0225,Microfiber Tops,MMA Gear,Shopify theme /products/{handle}.js first available variant
microfiber-tops-bc-0226,Microfiber Tops- BC-0226,Microfiber Tops,MMA Gear,Shopify theme /products/{handle}.js first available variant
microfiber-tops-bc-0227,Microfiber Tops- BC-0227,Microfiber Tops,MMA Gear,Shopify theme /products/{handle}.js first available variant
microfiber-tops-bc-0228,Microfiber Tops- BC-0228,Microfiber Tops,MMA Gear,Shopify theme /products/{handle}.js first available variant
microfiber-tops-bc-0229,Microfiber Tops- BC-0229,Microfiber Tops,MMA Gear,Shopify theme /products/{handle}.js first available variant
microfiber-tops-bc-0230,Microfiber Tops- BC-0230,Microfiber Tops,MMA Gear,Shopify theme /products/{handle}.js first available variant
microfiber-tops-bc-0231,Microfiber Tops- BC-0231,Microfiber Tops,MMA Gear,Shopify theme /products/{handle}.js first available variant
microfiber-tops-bc-0232,Microfiber Tops- BC-0232,Microfiber Tops,MMA Gear,Shopify theme /products/{handle}.js first available variant
microfiber-tops-bc-0233,Microfiber Tops- BC-0233,Microfiber Tops,MMA Gear,Shopify theme /products/{handle}.js first available variant
microfiber-tops-bc-0234,Microfiber Tops- BC-0234,Microfiber Tops,MMA Gear,Shopify theme /products/{handle}.js first available variant
microfiber-tops-bc-0235,Microfiber Tops- BC-0235,Microfiber Tops,MMA Gear,Shopify theme /products/{handle}.js first available variant
microfiber-tops-bc-0236,Microfiber Tops- BC-0236,Microfiber Tops,MMA Gear,Shopify theme /products/{handle}.js first available variant
teacher-hoddie,Teacher Hoddie,tshirt,Shenandoah Middle,Shopify theme /products/{handle}.js first available variant
teacher-polo-shirt,Teacher Polo Shirt,tshirt,Shenandoah Middle,Shopify theme /products/{handle}.js first available variant
long-sleeve-tshirt,Long Sleeve TShirt,sweater,Shenandoah Middle,Shopify theme /products/{handle}.js first available variant
teacher-hoddied-shirt-black,Teacher Hoddied Shirt (Black),tshirt,Shenandoah Middle,Shopify theme /products/{handle}.js first available variant
microfiber-tops-bc-0237,Microfiber Tops- BC-0237,Microfiber Tops,MMA Gear,Shopify theme /products/{handle}.js first available variant
sports-bra-bc-0472,Sports Bra- BC-0472,Sports Bra,GYM WEAR,Shopify theme /products/{handle}.js first available variant
sports-bra-bc-0471,Sports Bra- BC-0471,Sports Bra,GYM WEAR,Shopify theme /products/{handle}.js first available variant
sports-bra-bc-0470,Sports Bra- BC-0470,Sports Bra,GYM WEAR,Shopify theme /products/{handle}.js first available variant
sports-bra-bc-0469,Sports Bra- BC-0469,Sports Bra,GYM WEAR,Shopify theme /products/{handle}.js first available variant
sports-bra-bc-0468,Sports Bra- BC-0468,Sports Bra,GYM WEAR,Shopify theme /products/{handle}.js first available variant
sports-bra-bc-0467,Sports Bra- BC-0467,Sports Bra,GYM WEAR,Shopify theme /products/{handle}.js first available variant
sports-bra-bc-0466,Sports Bra- BC-0466,Sports Bra,GYM WEAR,Shopify theme /products/{handle}.js first available variant
sports-bra-bc-0465,Sports Bra- BC-0465,Sports Bra,GYM WEAR,Shopify theme /products/{handle}.js first available variant
sports-bra-bc-0464,Sports Bra- BC-0464,Sports Bra,GYM WEAR,Shopify theme /products/{handle}.js first available variant
sports-bra-bc-0463,Sports Bra- BC-0463,Sports Bra,GYM WEAR,Shopify theme /products/{handle}.js first available variant
sports-bra-bc-0462,Sports Bra- BC-0462,Sports Bra,GYM WEAR,Shopify theme /products/{handle}.js first available variant
sports-bra-bc-0461,Sports Bra- BC-0461,Sports Bra,GYM WEAR,Shopify theme /products/{handle}.js first available variant
sports-bra-bc-0460,Sports Bra- BC-0460,Sports Bra,GYM WEAR,Shopify theme /products/{handle}.js first available variant
sports-bra-bc-0459,Sports Bra- BC-0459,Sports Bra,GYM WEAR,Shopify theme /products/{handle}.js first available variant
sports-bra-bc-0458,Sports Bra- BC-0458,Sports Bra,GYM WEAR,Shopify theme /products/{handle}.js first available variant
sports-bra-bc-0457,Sports Bra- BC-0457,Sports Bra,GYM WEAR,Shopify theme /products/{handle}.js first available variant
sports-bra-bc-0456,Sports Bra- BC-0456,Sports Bra,GYM WEAR,Shopify theme /products/{handle}.js first available variant
sports-bra-bc-0455,Sports Bra- BC-0455,Sports Bra,GYM WEAR,Shopify theme /products/{handle}.js first available variant
stringer-vest-bc-0484,Stringer Vest- BC-0484,Stringer Vest,General Purpose Athletic Equipment,Shopify theme /products/{handle}.js first available variant
stringer-vest-bc-0483,Stringer Vest- BC-0483,Stringer Vest,General Purpose Athletic Equipment,Shopify theme /products/{handle}.js first available variant
stringer-vest-bc-0482,Stringer Vest- BC-0482,Stringer Vest,General Purpose Athletic Equipment,Shopify theme /products/{handle}.js first available variant
stringer-vest-bc-0481,Stringer Vest- BC-0481,Stringer Vest,General Purpose Athletic Equipment,Shopify theme /products/{handle}.js first available variant
stringer-vest-bc-0480,Stringer Vest- BC-0480,Stringer Vest,General Purpose Athletic Equipment,Shopify theme /products/{handle}.js first available variant
stringer-vest-bc-0479,Stringer Vest- BC-0479,Stringer Vest,General Purpose Athletic Equipment,Shopify theme /products/{handle}.js first available variant
stringer-vest-bc-0478,Stringer Vest- BC-0478,Stringer Vest,General Purpose Athletic Equipment,Shopify theme /products/{handle}.js first available variant
shenandoah-middle-school-hoodie-blac,Shenandoah Middle School Hoodie Black,Hoodie,Shenandoah Middle,Shopify theme /products/{handle}.js first available variant
shenandoah-middle-school-hoodie,Shenandoah Middle School Hoodie Gray,Hoodie,Shenandoah Middle,Shopify theme /products/{handle}.js first available variant
stringer-vest-bc-0477,Stringer Vest- BC-0477,Stringer Vest,General Purpose Athletic Equipment,Shopify theme /products/{handle}.js first available variant
stringer-vest-bc-0476,Stringer Vest- BC-0476,Stringer Vest,General Purpose Athletic Equipment,Shopify theme /products/{handle}.js first available variant
stringer-vest-bc-0475,Stringer Vest- BC-0475,Stringer Vest,General Purpose Athletic Equipment,Shopify theme /products/{handle}.js first available variant
stringer-vest-bc-0474,Stringer Vest- BC-0474,Stringer Vest,General Purpose Athletic Equipment,Shopify theme /products/{handle}.js first available variant
stringer-vest-bc-473,Stringer Vest- BC-0473,Stringer Vest,General Purpose Athletic Equipment,Shopify theme /products/{handle}.js first available variant
tank-top-men-women-bc-0580,Tank Top Men / Women- BC-0580,Tank top Men,Fitness / Gym Wear,Shopify theme /products/{handle}.js first available variant
tank-top-men-women-bc-0579,Tank Top Men / Women- BC-0579,Tank top Women,Fitness / Gym Wear,Shopify theme /products/{handle}.js first available variant
tank-top-men-women-bc-0578,Tank Top Men / Women- BC-0578,Tank top Women,Fitness / Gym Wear,Shopify theme /products/{handle}.js first available variant
tank-top-men-women-bc-0577,Tank Top Men / Women- BC-0577,Tank top Women,Fitness / Gym Wear,Shopify theme /products/{handle}.js first available variant
tank-top-men-women-bc-0576,Tank Top Men / Women- BC-0576,Tank top Women,Fitness / Gym Wear,Shopify theme /products/{handle}.js first available variant
tank-top-men-women-bc-0575,Tank Top Men / Women- BC-0575,Tank top Women,Fitness / Gym Wear,Shopify theme /products/{handle}.js first available variant
tank-top-men-women-bc-0574,Tank Top Men / Women- BC-0574,Tank top Women,Fitness / Gym Wear,Shopify theme /products/{handle}.js first available variant
tank-top-men-women-bc-0573,Tank Top Men / Women- BC-0573,Tank top Women,Fitness / Gym Wear,Shopify theme /products/{handle}.js first available variant
tank-top-men-women-bc-0572,Tank Top Men / Women- BC-0572,Tank top Women,Fitness / Gym Wear,Shopify theme /products/{handle}.js first available variant
tank-top-men-women-bc-0571,Tank Top Men / Women- BC-0571,Tank top Women,Fitness / Gym Wear,Shopify theme /products/{handle}.js first available variant
tank-top-men-women-bc-0570,Tank Top Men / Women- BC-0570,Tank top Women,Fitness / Gym Wear,Shopify theme /products/{handle}.js first available variant
tank-top-men-women-bc-0569,Tank Top Men / Women- BC-0569,Tank top Women,Fitness / Gym Wear,Shopify theme /products/{handle}.js first available variant
tank-top-men-women-bc-0568,Tank Top Men / Women- BC-0568,Tank top Women,Fitness / Gym Wear,Shopify theme /products/{handle}.js first available variant
tank-top-men-women-bc-0567,Tank Top Men / Women- BC-0567,Tank top Women,Fitness / Gym Wear,Shopify theme /products/{handle}.js first available variant
tank-top-men-women-bc-0566,Tank Top Men / Women- BC-0566,Tank top Men,Fitness / Gym Wear,Shopify theme /products/{handle}.js first available variant
tank-top-men-women-bc-0565,Tank Top Men / Women- BC-0565,Tank top Women,Fitness / Gym Wear,Shopify theme /products/{handle}.js first available variant
tank-top-men-women-bc-0564,Tank Top Men / Women- BC-0564,Tank top Men,Fitness / Gym Wear,Shopify theme /products/{handle}.js first available variant
tank-top-men-women-bc-0563,Tank Top Men / Women- BC-0563,Tank top Women,Fitness / Gym Wear,Shopify theme /products/{handle}.js first available variant
tank-top-men-women-bc-0562,Tank Top Men / Women- BC-0562,Tank top Women,Fitness / Gym Wear,Shopify theme /products/{handle}.js first available variant
tank-top-men-women-bc-0561,Tank Top Men / Women- BC-0561,Tank top Men,Fitness / Gym Wear,Shopify theme /products/{handle}.js first available variant
tank-top-men-women-bc-0560,Tank Top Men / Women- BC-0560,Tank top Men,Fitness / Gym Wear,Shopify theme /products/{handle}.js first available variant
tank-top-men-women-bc-0559,Tank Top Men / Women- BC-0559,Tank top Women,Fitness / Gym Wear,Shopify theme /products/{handle}.js first available variant
tank-top-men-women-bc-0558,Tank Top Men / Women- BC-0558,Tank top Women,Fitness / Gym Wear,Shopify theme /products/{handle}.js first available variant
tank-top-men-women-bc-0557,Tank Top Men / Women- BC-0557,Tank top Women,Fitness / Gym Wear,Shopify theme /products/{handle}.js first available variant
tank-top-men-women-bc-0555,Tank Top Men / Women- BC-0555,Tank top Women,Fitness / Gym Wear,Shopify theme /products/{handle}.js first available variant
tank-top-men-women-bc-0554,Tank Top Men / Women- BC-0554,Tank top Men,Fitness / Gym Wear,Shopify theme /products/{handle}.js first available variant
tank-top-men-women-bc-0552,Tank Top Men / Women- BC-0552,Tank top Men,Fitness / Gym Wear,Shopify theme /products/{handle}.js first available variant
tank-top-men-women-bc-0551,Tank Top Men / Women- BC-0551,Tank top Women,Fitness / Gym Wear,Shopify theme /products/{handle}.js first available variant
tank-top-men-women-bc-0549,Tank Top Men / Women- BC-0549,Tank top Men,Fitness / Gym Wear,Shopify theme /products/{handle}.js first available variant
tank-top-men-women-bc-0548,Tank Top Men / Women- BC-0548,Tank top Men,Fitness / Gym Wear,Shopify theme /products/{handle}.js first available variant
tank-top-men-women-bc-0547,Tank Top Men / Women- BC-0547,Tank top Women,Fitness / Gym Wear,Shopify theme /products/{handle}.js first available variant
tank-top-men-women-bc-0545,Tank Top Men / Women- BC-0545,Tank top Women,Fitness / Gym Wear,Shopify theme /products/{handle}.js first available variant
tank-top-men-women-bc-544,Tank Top Men / Women- BC-0544,Tank top Women,Fitness / Gym Wear,Shopify theme /products/{handle}.js first available variant
tank-top-men-women-bc-543,Tank Top Men / Women- BC-0543,Tank top Men,Fitness / Gym Wear,Shopify theme /products/{handle}.js first available variant
tank-top-men-women-bc-542,Tank Top Men / Women- BC-0542,Tank top Women,Fitness / Gym Wear,Shopify theme /products/{handle}.js first available variant
volleyball-uniform-bc-0664,Volleyball Uniform- BC-0664,Volleyball shirt,Volleyball Uniform,Shopify theme /products/{handle}.js first available variant
volleyball-uniform-bc-0663,Volleyball Uniform- BC-0663,Volleyball shirt,Volleyball Uniform,Shopify theme /products/{handle}.js first available variant
volleyball-uniform-bc-0662,Volleyball Uniform- BC-0662,Volleyball shirt,Volleyball Uniform,Shopify theme /products/{handle}.js first available variant
volleyball-uniform-bc-0661,Volleyball Uniform- BC-0661,Volleyball shirt,Volleyball Uniform,Shopify theme /products/{handle}.js first available variant
volleyball-uniform-bc-0660,Volleyball Uniform- BC-0660,Volleyball shirt,Volleyball Uniform,Shopify theme /products/{handle}.js first available variant
volleyball-uniform-bc-0659,Volleyball Uniform- BC-0659,Volleyball shirt,Volleyball Uniform,Shopify theme /products/{handle}.js first available variant
volleyball-uniform-bc-0658,Volleyball Uniform- BC-0658,Volleyball shirt,Volleyball Uniform,Shopify theme /products/{handle}.js first available variant
volleyball-uniform-bc-0657,Volleyball Uniform- BC-0657,Volleyball shirt,Volleyball Uniform,Shopify theme /products/{handle}.js first available variant
volleyball-uniform-bc-0656,Volleyball Uniform- BC-0656,Volleyball pants,Volleyball Uniform,Shopify theme /products/{handle}.js first available variant
volleyball-uniform-bc-0655,Volleyball Uniform- BC-0655,Volleyball pants,Volleyball Uniform,Shopify theme /products/{handle}.js first available variant
volleyball-uniform-bc-0654,Volleyball Uniform- BC-0654,Volleyball pants,Volleyball Uniform,Shopify theme /products/{handle}.js first available variant
volleyball-uniform-bc-0653,Volleyball Uniform- BC-0653,Volleyball pants,Volleyball Uniform,Shopify theme /products/{handle}.js first available variant
volleyball-uniform-bc-0652,Volleyball Uniform- BC-0652,Volleyball pants,Volleyball Uniform,Shopify theme /products/{handle}.js first available variant
volleyball-uniform-bc-0651,Volleyball Uniform- BC-0651,Volleyball pants,Volleyball Uniform,Shopify theme /products/{handle}.js first available variant
volleyball-uniform-bc-0650,Volleyball Uniform- BC-0650,Volleyball pants,Volleyball Uniform,Shopify theme /products/{handle}.js first available variant
volleyball-uniform-bc-0649,Volleyball Uniform-  BC-0649,Volleyball pants,Volleyball Uniform,Shopify theme /products/{handle}.js first available variant
volleyball-uniform-bc-0648,Volleyball Uniform- BC-0648,Volleyball pants,Volleyball Uniforms,Shopify theme /products/{handle}.js first available variant
tennis-uniform-bc-0757,Tennis Uniform- BC-0757,Tennis skirt,Tennis Uniform,Shopify theme /products/{handle}.js first available variant
tennis-uniform-bc-0756,Tennis Uniform- BC-0756,Tennis skirt,Tennis Uniform,Shopify theme /products/{handle}.js first available variant
tennis-uniform-bc-0755,Tennis Uniform- BC-0755,Tennis shirt,Tennis Uniform,Shopify theme /products/{handle}.js first available variant
tennis-uniform-bc-0754,Tennis Uniform- BC-0754,tennis shorts,Tennis Uniform,Shopify theme /products/{handle}.js first available variant
tennis-uniform-bc-0753,Tennis Uniform- BC-0753,Tennis shirt,Tennis Uniform,Shopify theme /products/{handle}.js first available variant
tennis-uniform-bc-0752,Tennis Uniform- BC-0752,Tennis blouses,Tennis Uniform,Shopify theme /products/{handle}.js first available variant
tennis-uniform-bc-0751,Tennis Uniform- BC-0751,Tennis shirt,Tennis Uniform,Shopify theme /products/{handle}.js first available variant
tennis-uniform-bc-0750,Tennis Uniform- BC-0750,Tennis uniform,Tennis Uniform,Shopify theme /products/{handle}.js first available variant
tennis-uniform-product-code-bc-0749,Tennis Uniform- BC-0749,Tennis pants,Tennis Uniform,Shopify theme /products/{handle}.js first available variant
tennis-uniform-bc-0748,Tennis Uniform- BC-0748,Tennis shirt,Tennis Uniform,Shopify theme /products/{handle}.js first available variant
tennis-uniform-bc-0747,Tennis Uniform- BC-0747,Tennis skirt,Tennis Uniform,Shopify theme /products/{handle}.js first available variant
tennis-uniform-bc-0746,Tennis Uniform- BC-0746,Tennis shirt,Tennis Uniform,Shopify theme /products/{handle}.js first available variant
tennis-uniform-bc-0745,Tennis Uniform- BC-0745,Tennis blouses,Tennis Uniform,Shopify theme /products/{handle}.js first available variant
tennis-uniform-bc-0744,Tennis Uniform- BC-0744,Tennis dress,Tennis Uniform,Shopify theme /products/{handle}.js first available variant
tennis-uniform-bc-0743,Tennis Uniform- BC-0743,Tennis shirt,Tennis Uniform,Shopify theme /products/{handle}.js first available variant
tennis-uniform-bc-0742,Tennis Uniform- BC-0742,tennis shorts,Tennis Uniform,Shopify theme /products/{handle}.js first available variant
tennis-uniform-bc-0741,Tennis Uniform- BC-0741,Tennis skirt,Tennis Uniform,Shopify theme /products/{handle}.js first available variant
tennis-uniform-bc-0740,Tennis Uniform- BC-0740,Tennis shirt,Tennis Uniform,Shopify theme /products/{handle}.js first available variant
tennis-uniform-bc-0739,Tennis Uniform- BC-0739,tennis shorts,Tennis Uniform,Shopify theme /products/{handle}.js first available variant
tennis-uniform-bc-0738,Tennis Uniform- BC-0738,Tennis shirt,Tennis Uniform,Shopify theme /products/{handle}.js first available variant
tennis-uniform-bc-0737,Tennis Uniform- BC-0737,Tennis t-shirt,Tennis Uniform,Shopify theme /products/{handle}.js first available variant
tennis-uniform-bc-0736,Tennis Uniform- BC-0736,Tennis t-shirt,Tennis Uniform,Shopify theme /products/{handle}.js first available variant
tennis-uniform-bc-0735,Tennis Uniform- BC-0735,Tennis skirt,Tennis Uniform,Shopify theme /products/{handle}.js first available variant
tennis-uniform-bc-0734,Tennis Uniform- BC-0734,Tennis t-shirt,Tennis Uniform,Shopify theme /products/{handle}.js first available variant
tennis-uniform-bc-0733,Tennis Uniform- BC-0733,Tennis blouses,Tennis Uniform,Shopify theme /products/{handle}.js first available variant
tennis-uniform-bc-0732,Tennis Uniform- BC-0732,Tennis pants,Tennis Uniform,Shopify theme /products/{handle}.js first available variant
tennis-uniform-bc-0731,Tennis Uniform- BC-0731,tennis shorts,Tennis Uniform,Shopify theme /products/{handle}.js first available variant
tennis-uniform-bc-0730,Tennis Uniform- BC-0730,Tennis t-shirt,Tennis Uniform,Shopify theme /products/{handle}.js first available variant
tennis-uniform-bc-0729,Tennis Uniform- BC-0729,Tennis skirt,Tennis Uniform,Shopify theme /products/{handle}.js first available variant
soccer-uniforms-bc-1200,Soccer Uniforms- BC-1200,sports uniforms,Soccer Uniforms,Shopify theme /products/{handle}.js first available variant
soccer-uniforms-bc-1201,Soccer Uniforms- BC-1201,sports uniforms,Soccer Uniforms,Shopify theme /products/{handle}.js first available variant
soccer-uniforms-bc-1091,Soccer Uniforms- BC-1091,sports uniforms,Soccer Uniforms,Shopify theme /products/{handle}.js first available variant
soccer-uniforms-bc-1092,Soccer Uniforms- BC-1092,sports uniforms,Soccer Uniforms,Shopify theme /products/{handle}.js first available variant
soccer-uniforms-bc-1093,Soccer Uniforms- BC-1093,sports uniforms,Soccer Uniforms,Shopify theme /products/{handle}.js first available variant
soccer-uniforms-bc-1099,Soccer Uniforms- BC-1099,sports uniforms,Soccer Uniforms,Shopify theme /products/{handle}.js first available variant
soccer-uniforms-bc-1098,Soccer Uniforms- BC-1098,sports uniforms,Soccer Uniforms,Shopify theme /products/{handle}.js first available variant
soccer-uniforms-bc-1097,Soccer Uniforms- BC-1097,sports uniforms,Soccer Uniforms,Shopify theme /products/{handle}.js first available variant
soccer-uniforms-bc-1096,Soccer Uniforms- BC-1096,sports uniforms,Soccer Uniforms,Shopify theme /products/{handle}.js first available variant
soccer-uniforms-bc-1095,Soccer Uniforms- BC-1095,sports uniforms,Soccer Uniforms,Shopify theme /products/{handle}.js first available variant
soccer-uniform-bc-0442,Soccer Uniform- BC-0442,tshirt soccer,Soccer Uniforms,Shopify theme /products/{handle}.js first available variant
soccer-uniform-bc-0441,Soccer Uniform- BC-0441,tshirt soccer,Soccer Uniforms,Shopify theme /products/{handle}.js first available variant
soccer-uniform-bc-0440,Soccer Uniform- BC-0440,tshirt soccer,Soccer Uniforms,Shopify theme /products/{handle}.js first available variant
soccer-uniform-bc-0439,Soccer Uniform- BC-0439,tshirt soccer,Soccer Uniforms,Shopify theme /products/{handle}.js first available variant
soccer-uniform-bc-0438,Soccer Uniform- BC-0438,tshirt soccer,Soccer Uniforms,Shopify theme /products/{handle}.js first available variant
soccer-uniform-bc-0437,Soccer Uniform- BC-0437,tshirt soccer,Soccer Uniforms,Shopify theme /products/{handle}.js first available variant
soccer-uniform-bc-0436,Soccer Uniform- BC-0436,tshirt soccer,Soccer Uniforms,Shopify theme /products/{handle}.js first available variant
soccer-uniform-bc-0435,Soccer Uniform- BC-0435,tshirt soccer,Soccer Uniforms,Shopify theme /products/{handle}.js first available variant
soccer-uniform-bc-0434,Soccer Uniform- BC-0434,tshirt soccer,Soccer Uniforms,Shopify theme /products/{handle}.js first available variant
soccer-uniform-bc-0433,Soccer Uniform- BC-0433,Soccer Shorts,Soccer Uniforms,Shopify theme /products/{handle}.js first available variant
soccer-uniform-bc-0432,Soccer Uniform- BC-0432,Soccer Shorts,Soccer Uniforms,Shopify theme /products/{handle}.js first available variant
soccer-uniform-c-0431,Soccer Uniform- C-0431,Soccer Shorts,Soccer Uniforms,Shopify theme /products/{handle}.js first available variant
soccer-uniform-bc-0430,Soccer Uniform- BC-0430,Soccer Shorts,Soccer Uniforms,Shopify theme /products/{handle}.js first available variant
soccer-uniform-bc-0429,Soccer Uniform- BC-0429,Soccer Shorts,Soccer Uniforms,Shopify theme /products/{handle}.js first available variant
soccer-uniform-bc-0428,Soccer Uniform- BC-0428,Soccer Shorts,Soccer Uniforms,Shopify theme /products/{handle}.js first available variant
soccer-uniform-bc-0427,Soccer Uniform- BC-0427,Soccer Shorts,Soccer Uniforms,Shopify theme /products/{handle}.js first available variant
soccer-uniform-bc-0426,Soccer Uniform - BC-0426,Soccer Shorts,Soccer Uniforms,Shopify theme /products/{handle}.js first available variant
soccer-uniform-bc-0425,Soccer Uniform- BC-0425,Soccer Shorts,Soccer Uniforms,Shopify theme /products/{handle}.js first available variant
basketball-uniforms-bc-1018,Basketball Uniforms- BC-1018,sports uniforms,Basketball Uniforms,Shopify theme /products/{handle}.js first available variant
basketball-uniforms-bc-1019,Basketball Uniforms- BC-1019,sports uniforms,Basketball Uniforms,Shopify theme /products/{handle}.js first available variant
basketball-uniforms-bc-1020,Basketball Uniforms- BC-1020,sports uniforms,Baseball Uniforms,Shopify theme /products/{handle}.js first available variant
basketball-uniforms-bc-1021,Basketball Uniforms- BC-1021,sports uniforms,Basketball Uniforms,Shopify theme /products/{handle}.js first available variant
basketball-uniforms-bc-1022,Basketball Uniforms- BC-1022,sports uniforms,Basketball Uniforms,Shopify theme /products/{handle}.js first available variant
basketball-uniforms-bc-1023,Basketball Uniforms- BC-1023,sports uniforms,Basketball Uniforms,Shopify theme /products/{handle}.js first available variant
basketball-uniforms-bc-1024,Basketball Uniforms- BC-1024,sports uniforms,Basketball Uniforms,Shopify theme /products/{handle}.js first available variant
basketball-uniforms-bc-1025,Basketball Uniforms-  BC-1025,sports uniforms,Basketball Uniforms,Shopify theme /products/{handle}.js first available variant
basketball-uniforms-bc-1026,Basketball Uniforms-  BC-1026,sports uniforms,Basketball Uniforms,Shopify theme /products/{handle}.js first available variant
basketball-uniforms-bc-1027,Basketball Uniforms- BC-1027,sports uniforms,Basketball Uniforms,Shopify theme /products/{handle}.js first available variant
basketball-uniforms-bc-1028,Basketball Uniforms- BC-1028,sports uniforms,Basketball Uniforms,Shopify theme /products/{handle}.js first available variant
uniforme-de-baloncesto-bc-0049,Basketball Uniform- BC-0049,sports uniforms,Basketball Uniforms,Shopify theme /products/{handle}.js first available variant
uniforme-de-baloncesto-bc-0048,Basketball Uniform- BC-0048,sports uniforms,Basketball Uniforms,Shopify theme /products/{handle}.js first available variant
uniforme-de-baloncesto-bc-0047,Basketball Uniform- BC-0047,sports uniforms,Basketball Uniforms,Shopify theme /products/{handle}.js first available variant
uniforme-de-baloncesto-bc-0046,Basketball Uniform- BC-0046,sports uniforms,Basketball Uniforms,Shopify theme /products/{handle}.js first available variant
uniforme-de-baloncesto-bc-0045,Basketball Uniform- BC-0045,sports uniforms,Basketball Uniforms,Shopify theme /products/{handle}.js first available variant
uniforme-de-baloncesto-bc-0044,Basketball Uniform- BC-0044,sports uniforms,Basketball Uniforms,Shopify theme /products/{handle}.js first available variant
uniforme-de-baloncesto-bc-0043,Basketball Uniform- BC-0043,sports uniforms,Basketball Uniforms,Shopify theme /products/{handle}.js first available variant
uniforme-de-baloncesto-bc-0042,Basketball Uniform- BC-0042,sports uniforms,Basketball Uniforms,Shopify theme /products/{handle}.js first available variant
basketball-uniforms-bc-1015,Basketball Uniforms- BC-1015,sports uniforms,Basketball Uniforms,Shopify theme /products/{handle}.js first available variant
futbol-bc-1006,Football- BC-1006,sports uniforms,Football,Shopify theme /products/{handle}.js first available variant
futbol-bc-1001,Football- BC-1001,sports uniforms,Football,Shopify theme /products/{handle}.js first available variant
futbol-bc-1000,Football- BC-1000,sports uniforms,Football,Shopify theme /products/{handle}.js first available variant
futbol-bc-1002,Football- BC-1002,sports uniforms,Football,Shopify theme /products/{handle}.js first available variant
futbol-bc-1003,Football- BC-1003,sports uniforms,Football,Shopify theme /products/{handle}.js first available variant
futbol-bc-1004,Football- BC-1004,sports uniforms,Football,Shopify theme /products/{handle}.js first available variant
futbol-bc-1005,Football- BC-1005,sports uniforms,Football,Shopify theme /products/{handle}.js first available variant
futbol-bc-1007,Football- BC-1007,sports uniforms,Football,Shopify theme /products/{handle}.js first available variant
futbol-bc-1008,Football- BC-1008,sports uniforms,Football,Shopify theme /products/{handle}.js first available variant
football-bc-1009,Football- BC-1009,sports uniforms,Football uniforms,Shopify theme /products/{handle}.js first available variant
futbol-bc-1010,Football- BC-1010,sports uniforms,Football,Shopify theme /products/{handle}.js first available variant
futbol-bc-1011,Football- BC-1011,sports uniforms,Football,Shopify theme /products/{handle}.js first available variant
futbol-bc-1012,Football- BC-1012,sports uniforms,Football,Shopify theme /products/{handle}.js first available variant
futbol-bc-1013,Football- BC-1013,sports uniforms,Football,Shopify theme /products/{handle}.js first available variant
futbol-bc-1014,Football- BC-1014,sports uniforms,Football,Shopify theme /products/{handle}.js first available variant
futbol-bc-0009,Football- BC-0009,sports uniforms,Football,Shopify theme /products/{handle}.js first available variant
futbol-bc-0008,Football- BC-0008,sports uniforms,Football,Shopify theme /products/{handle}.js first available variant
futbol-bc-0007,Football- BC-0007,sports uniforms,Football,Shopify theme /products/{handle}.js first available variant
futbol-bc-0006,Football- BC-0006,sports uniforms,Football,Shopify theme /products/{handle}.js first available variant
futbol-bc-0001,Football- BC-0001,sports uniforms,Football,Shopify theme /products/{handle}.js first available variant
uniformes-de-baloncesto-bc-1016,Basketball Uniforms- BC-1016,sports uniforms,Basketball Uniforms,Shopify theme /products/{handle}.js first available variant
uniformes-de-baloncesto-bc-1017,Basketball Uniforms- BC-1017,sports uniforms,Basketball Uniforms,Shopify theme /products/{handle}.js first available variant
uniforme-de-beisbol-bc-0027,Baseball Uniforms- BC-0027,tshirt,,Shopify theme /products/{handle}.js first available variant
uniforme-de-beisbol-bc-0018,Baseball Uniforms- BC-0018,Baseball Pants,Baseball Uniforms,Shopify theme /products/{handle}.js first available variant
uniforme-de-beisbol-bc-0017,Baseball Uniforms- BC-0017,Baseball Pants,Baseball Uniforms,Shopify theme /products/{handle}.js first available variant
uniforme-de-beisbol-bc-0016,Baseball Uniforms- BC-0016,Baseball Pants,Baseball Uniforms,Shopify theme /products/{handle}.js first available variant
uniforme-de-beisbol-bc-0014,Baseball Uniforms- BC-0014,Baseball Pants,Baseball Uniforms,Shopify theme /products/{handle}.js first available variant
uniforme-de-beisbol-bc-0013,Baseball Uniforms- BC-0013,Baseball Pants,Baseball Uniforms,Shopify theme /products/{handle}.js first available variant
uniforme-de-beisbol-bc-0012,Baseball Uniforms- BC-0012,Baseball Pants,Baseball Uniforms,Shopify theme /products/{handle}.js first available variant
uniforme-de-beisbol-bc-0011,Baseball Uniforms- BC-0011,Baseball Pants,Baseball Uniforms,Shopify theme /products/{handle}.js first available variant
uniforme-de-beisbol-bc-0010,Baseball Uniforms- BC-0010,Baseball Pants,Baseball Uniforms,Shopify theme /products/{handle}.js first available variant
ropa-de-patinaje-bc-0424,Skating Wears- BC-0424,"Dance Dresses, Skirts",Skating Wear,Shopify theme /products/{handle}.js first available variant
ropa-de-patinaje-bc-0422,Skating Wears- BC-0422,Skirts,,Shopify theme /products/{handle}.js first available variant
ropa-de-patinaje-bc-0421,Skating Wears- BC-0421,Hockey Pants,Ropa de patinaje,Shopify theme /products/{handle}.js first available variant
ropa-de-patinaje-bc-0420,Skating Wears- BC-0420,leggings,ropa de patinaje,Shopify theme /products/{handle}.js first available variant
ropa-de-patinaje-bc-0419,Skating Wears- BC- 0419,Jackets,Skating Wear,Shopify theme /products/{handle}.js first available variant
leggings-bc-0211,Leggings- BC- 0211,leggings,Fitness / Gym Wear,Shopify theme /products/{handle}.js first available variant
leggings-bc-0212,Leggings- BC- 0212,leggings,Fitness / Gym Wear,Shopify theme /products/{handle}.js first available variant
leggings-bc-0213,Leggings- BC- 0213,leggings,"FITNESS, GYM WEAR",Shopify theme /products/{handle}.js first available variant
leggings-bc-0210,Leggings- BC- 0214,leggings,Fitness / Gym Wear,Shopify theme /products/{handle}.js first available variant
leggings-0215,Leggings- BC- 0215,leggings,Fitness / Gym Wear,Shopify theme /products/{handle}.js first available variant
stringer-vest-bc-0473,Stringer Vest - BC-0473,tshirt,Stringer Vests,Shopify theme /products/{handle}.js first available variant
tank-top-men-women-bc-0544,Tank Top Men / Women - BC-0544,tshirt,"Fitness / Gym Wear, Tank Top Mens / Womens",Shopify theme /products/{handle}.js first available variant
tank-top-men-women-bc-0543,Tank Top Men / Women - BC-0543,tshirt,"Fitness / Gym Wear, Tank Top Mens / Womens",Shopify theme /products/{handle}.js first available variant
tank-top-men-women-bc-0542,Tank Top Men / Women - BC-0542,tshirt,"Fitness / Gym Wear, Tank Top Mens / Womens",Shopify theme /products/{handle}.js first available variant
polo-shirt-rockway-middle-school,Polo Shirt Rockway Middle School,polo,Rockway Middle School,Shopify theme /products/{handle}.js first available variant
rockway-middle-school-sweater,Rockway Middle School Sweater,sweater,Rockway Middle School,Shopify theme /products/{handle}.js first available variant
true-north-classical-academy-hoodie-pants,True North Classical Academy Hoodie & Pants,Hoodie,True North Classical Academy,Shopify theme /products/{handle}.js first available variant
true-north-classical-academy-hoodie,True North Classical Academy Hoodie,Hoodie,True North Classical Academy,Shopify theme /products/{handle}.js first available variant
true-north-classical-academy-shorts,True North Classical Academy Shorts,short,True North Classical Academy,Shopify theme /products/{handle}.js first available variant
true-north-classical-academy-backpack,True North Classical Academy Backpack,bag,True North Classical Academy,Shopify theme /products/{handle}.js first available variant
true-north-classical-academy-shirt,True North Classical Academy Shirt,tshirt,True North Classical Academy,Shopify theme /products/{handle}.js first available variant
henry-h-filer-middle-school-cheer,Henry H. Filer Middle School Cheer,Cheerleader,HenryFilerMiddleSchool,Shopify theme /products/{handle}.js first available variant
henry-h-filer-middle-school,Henry H. Filer Middle School Hoodie,Hoodie,HenryFilerMiddleSchool,Shopify theme /products/{handle}.js first available variant
