Handle,Title,Body (HTML),Vendor,Type,Tags,Published,Option1 Name,Option1 Value,Variant SKU,Variant Grams,Variant Inventory Tracker,Variant Inventory Qty,Variant Inventory Policy,Variant Fulfillment Service,Variant Price,Variant Requires Shipping,Variant Taxable,Image Src,Image Position,Image Alt Text,Status
configurator-backpack,Backpack,<p>Custom Besu Customs Backpack configured in the 3D configurator.</p>,Besu Customs,Bags,"Configurator, Bags, Custom Order, Made to Order, Configurator Checkout",TRUE,Title,Default Title,CONFIGURATOR-BACKPACK-DEFAULT-TITLE,907.18474,,,continue,manual,50.00,TRUE,TRUE,https://c3e270-bf.myshopify.com/cdn/shop/files/BESU_CUSTOMS_LOGO_03810b1c-fd52-48b7-bb07-96e4843b2df2.png?v=1758320790,1,Backpack - Besu Customs,active
configurator-baseball-caps,Baseball Caps,<p>Custom Besu Customs Baseball Caps configured in the 3D configurator.</p>,Besu Customs,Caps,"Configurator, Caps, Custom Order, Made to Order, Configurator Checkout",TRUE,Title,Default Title,CONFIGURATOR-BASEBALL-CAPS-DEFAULT-TITLE,226.796,,,continue,manual,20.00,TRUE,TRUE,https://c3e270-bf.myshopify.com/cdn/shop/files/BESU_CUSTOMS_LOGO_03810b1c-fd52-48b7-bb07-96e4843b2df2.png?v=1758320790,1,Baseball Caps - Besu Customs,active
configurator-baseball-jersey,Baseball Jersey,<p>Custom Besu Customs Baseball Jersey configured in the 3D configurator.</p>,Besu Customs,Baseball Uniforms,"Configurator, Baseball, Custom Order, Made to Order, Configurator Checkout",TRUE,Size,Youth Small,CONFIGURATOR-BASEBALL-JERSEY-YOUTH-SMALL,453.59237,,,continue,manual,45.00,TRUE,TRUE,https://c3e270-bf.myshopify.com/cdn/shop/files/BESU_CUSTOMS_LOGO_03810b1c-fd52-48b7-bb07-96e4843b2df2.png?v=1758320790,1,Baseball Jersey - Besu Customs,active
configurator-baseball-jersey,,,Besu Customs,,,TRUE,Size,Youth Medium,CONFIGURATOR-BASEBALL-JERSEY-YOUTH-MEDIUM,453.59237,,,continue,manual,45.00,TRUE,TRUE,,,,active
configurator-baseball-jersey,,,Besu Customs,,,TRUE,Size,Youth Large,CONFIGURATOR-BASEBALL-JERSEY-YOUTH-LARGE,453.59237,,,continue,manual,45.00,TRUE,TRUE,,,,active
configurator-baseball-jersey,,,Besu Customs,,,TRUE,Size,Adult X-Small,CONFIGURATOR-BASEBALL-JERSEY-ADULT-X-SMALL,453.59237,,,continue,manual,45.00,TRUE,TRUE,,,,active
configurator-baseball-jersey,,,Besu Customs,,,TRUE,Size,Adult Small,CONFIGURATOR-BASEBALL-JERSEY-ADULT-SMALL,453.59237,,,continue,manual,45.00,TRUE,TRUE,,,,active
configurator-baseball-jersey,,,Besu Customs,,,TRUE,Size,Adult Medium,CONFIGURATOR-BASEBALL-JERSEY-ADULT-MEDIUM,453.59237,,,continue,manual,45.00,TRUE,TRUE,,,,active
configurator-baseball-jersey,,,Besu Customs,,,TRUE,Size,Adult Large,CONFIGURATOR-BASEBALL-JERSEY-ADULT-LARGE,453.59237,,,continue,manual,45.00,TRUE,TRUE,,,,active
configurator-baseball-jersey,,,Besu Customs,,,TRUE,Size,Adult X-Large,CONFIGURATOR-BASEBALL-JERSEY-ADULT-X-LARGE,453.59237,,,continue,manual,45.00,TRUE,TRUE,,,,active
configurator-baseball-jersey,,,Besu Customs,,,TRUE,Size,Adult 2XL,CONFIGURATOR-BASEBALL-JERSEY-ADULT-2XL,453.59237,,,continue,manual,45.00,TRUE,TRUE,,,,active
configurator-baseball-jersey,,,Besu Customs,,,TRUE,Size,Adult 3XL,CONFIGURATOR-BASEBALL-JERSEY-ADULT-3XL,453.59237,,,continue,manual,45.00,TRUE,TRUE,,,,active
configurator-basketball-jersey,Basketball Jersey and Shorts,<p>Custom Besu Customs Basketball Jersey and Shorts configured in the 3D configurator.</p>,Besu Customs,Basketball Uniforms,"Configurator, Jerseys, Custom Order, Made to Order, Configurator Checkout",TRUE,Size,Youth Small,CONFIGURATOR-BASKETBALL-JERSEY-YOUTH-SMALL,453.59237,,,continue,manual,49.00,TRUE,TRUE,https://c3e270-bf.myshopify.com/cdn/shop/files/BESU_CUSTOMS_LOGO_03810b1c-fd52-48b7-bb07-96e4843b2df2.png?v=1758320790,1,Basketball Jersey and Shorts - Besu Customs,active
configurator-basketball-jersey,,,Besu Customs,,,TRUE,Size,Youth Medium,CONFIGURATOR-BASKETBALL-JERSEY-YOUTH-MEDIUM,453.59237,,,continue,manual,49.00,TRUE,TRUE,,,,active
configurator-basketball-jersey,,,Besu Customs,,,TRUE,Size,Youth Large,CONFIGURATOR-BASKETBALL-JERSEY-YOUTH-LARGE,453.59237,,,continue,manual,49.00,TRUE,TRUE,,,,active
configurator-basketball-jersey,,,Besu Customs,,,TRUE,Size,Adult X-Small,CONFIGURATOR-BASKETBALL-JERSEY-ADULT-X-SMALL,453.59237,,,continue,manual,49.00,TRUE,TRUE,,,,active
configurator-basketball-jersey,,,Besu Customs,,,TRUE,Size,Adult Small,CONFIGURATOR-BASKETBALL-JERSEY-ADULT-SMALL,453.59237,,,continue,manual,49.00,TRUE,TRUE,,,,active
configurator-basketball-jersey,,,Besu Customs,,,TRUE,Size,Adult Medium,CONFIGURATOR-BASKETBALL-JERSEY-ADULT-MEDIUM,453.59237,,,continue,manual,49.00,TRUE,TRUE,,,,active
configurator-basketball-jersey,,,Besu Customs,,,TRUE,Size,Adult Large,CONFIGURATOR-BASKETBALL-JERSEY-ADULT-LARGE,453.59237,,,continue,manual,49.00,TRUE,TRUE,,,,active
configurator-basketball-jersey,,,Besu Customs,,,TRUE,Size,Adult X-Large,CONFIGURATOR-BASKETBALL-JERSEY-ADULT-X-LARGE,453.59237,,,continue,manual,49.00,TRUE,TRUE,,,,active
configurator-basketball-jersey,,,Besu Customs,,,TRUE,Size,Adult 2XL,CONFIGURATOR-BASKETBALL-JERSEY-ADULT-2XL,453.59237,,,continue,manual,49.00,TRUE,TRUE,,,,active
configurator-basketball-jersey,,,Besu Customs,,,TRUE,Size,Adult 3XL,CONFIGURATOR-BASKETBALL-JERSEY-ADULT-3XL,453.59237,,,continue,manual,49.00,TRUE,TRUE,,,,active
configurator-basketball-top-long,Basketball Jersey Top And Long Shorts,<p>Custom Besu Customs Basketball Jersey Top And Long Shorts configured in the 3D configurator.</p>,Besu Customs,Basketball Uniforms,"Configurator, Jerseys, Custom Order, Made to Order, Configurator Checkout",TRUE,Size,Youth Small,CONFIGURATOR-BASKETBALL-TOP-LONG-YOUTH-SMALL,453.59237,,,continue,manual,49.00,TRUE,TRUE,https://c3e270-bf.myshopify.com/cdn/shop/files/BESU_CUSTOMS_LOGO_03810b1c-fd52-48b7-bb07-96e4843b2df2.png?v=1758320790,1,Basketball Jersey Top And Long Shorts - Besu Customs,active
configurator-basketball-top-long,,,Besu Customs,,,TRUE,Size,Youth Medium,CONFIGURATOR-BASKETBALL-TOP-LONG-YOUTH-MEDIUM,453.59237,,,continue,manual,49.00,TRUE,TRUE,,,,active
configurator-basketball-top-long,,,Besu Customs,,,TRUE,Size,Youth Large,CONFIGURATOR-BASKETBALL-TOP-LONG-YOUTH-LARGE,453.59237,,,continue,manual,49.00,TRUE,TRUE,,,,active
configurator-basketball-top-long,,,Besu Customs,,,TRUE,Size,Adult X-Small,CONFIGURATOR-BASKETBALL-TOP-LONG-ADULT-X-SMALL,453.59237,,,continue,manual,49.00,TRUE,TRUE,,,,active
configurator-basketball-top-long,,,Besu Customs,,,TRUE,Size,Adult Small,CONFIGURATOR-BASKETBALL-TOP-LONG-ADULT-SMALL,453.59237,,,continue,manual,49.00,TRUE,TRUE,,,,active
configurator-basketball-top-long,,,Besu Customs,,,TRUE,Size,Adult Medium,CONFIGURATOR-BASKETBALL-TOP-LONG-ADULT-MEDIUM,453.59237,,,continue,manual,49.00,TRUE,TRUE,,,,active
configurator-basketball-top-long,,,Besu Customs,,,TRUE,Size,Adult Large,CONFIGURATOR-BASKETBALL-TOP-LONG-ADULT-LARGE,453.59237,,,continue,manual,49.00,TRUE,TRUE,,,,active
configurator-basketball-top-long,,,Besu Customs,,,TRUE,Size,Adult X-Large,CONFIGURATOR-BASKETBALL-TOP-LONG-ADULT-X-LARGE,453.59237,,,continue,manual,49.00,TRUE,TRUE,,,,active
configurator-basketball-top-long,,,Besu Customs,,,TRUE,Size,Adult 2XL,CONFIGURATOR-BASKETBALL-TOP-LONG-ADULT-2XL,453.59237,,,continue,manual,49.00,TRUE,TRUE,,,,active
configurator-basketball-top-long,,,Besu Customs,,,TRUE,Size,Adult 3XL,CONFIGURATOR-BASKETBALL-TOP-LONG-ADULT-3XL,453.59237,,,continue,manual,49.00,TRUE,TRUE,,,,active
configurator-basketball-shirt-long,Basketball Shooting Shirt Long Sleeve,<p>Custom Besu Customs Basketball Shooting Shirt Long Sleeve configured in the 3D configurator.</p>,Besu Customs,Basketball Shooting Shirts,"Configurator, Jerseys, Custom Order, Made to Order, Configurator Checkout",TRUE,Size,Youth Small,CONFIGURATOR-BASKETBALL-SHIRT-LONG-YOUTH-SMALL,453.59237,,,continue,manual,35.00,TRUE,TRUE,https://c3e270-bf.myshopify.com/cdn/shop/files/BESU_CUSTOMS_LOGO_03810b1c-fd52-48b7-bb07-96e4843b2df2.png?v=1758320790,1,Basketball Shooting Shirt Long Sleeve - Besu Customs,active
configurator-basketball-shirt-long,,,Besu Customs,,,TRUE,Size,Youth Medium,CONFIGURATOR-BASKETBALL-SHIRT-LONG-YOUTH-MEDIUM,453.59237,,,continue,manual,35.00,TRUE,TRUE,,,,active
configurator-basketball-shirt-long,,,Besu Customs,,,TRUE,Size,Youth Large,CONFIGURATOR-BASKETBALL-SHIRT-LONG-YOUTH-LARGE,453.59237,,,continue,manual,35.00,TRUE,TRUE,,,,active
configurator-basketball-shirt-long,,,Besu Customs,,,TRUE,Size,Adult X-Small,CONFIGURATOR-BASKETBALL-SHIRT-LONG-ADULT-X-SMALL,453.59237,,,continue,manual,35.00,TRUE,TRUE,,,,active
configurator-basketball-shirt-long,,,Besu Customs,,,TRUE,Size,Adult Small,CONFIGURATOR-BASKETBALL-SHIRT-LONG-ADULT-SMALL,453.59237,,,continue,manual,35.00,TRUE,TRUE,,,,active
configurator-basketball-shirt-long,,,Besu Customs,,,TRUE,Size,Adult Medium,CONFIGURATOR-BASKETBALL-SHIRT-LONG-ADULT-MEDIUM,453.59237,,,continue,manual,35.00,TRUE,TRUE,,,,active
configurator-basketball-shirt-long,,,Besu Customs,,,TRUE,Size,Adult Large,CONFIGURATOR-BASKETBALL-SHIRT-LONG-ADULT-LARGE,453.59237,,,continue,manual,35.00,TRUE,TRUE,,,,active
configurator-basketball-shirt-long,,,Besu Customs,,,TRUE,Size,Adult X-Large,CONFIGURATOR-BASKETBALL-SHIRT-LONG-ADULT-X-LARGE,453.59237,,,continue,manual,35.00,TRUE,TRUE,,,,active
configurator-basketball-shirt-long,,,Besu Customs,,,TRUE,Size,Adult 2XL,CONFIGURATOR-BASKETBALL-SHIRT-LONG-ADULT-2XL,453.59237,,,continue,manual,35.00,TRUE,TRUE,,,,active
configurator-basketball-shirt-long,,,Besu Customs,,,TRUE,Size,Adult 3XL,CONFIGURATOR-BASKETBALL-SHIRT-LONG-ADULT-3XL,453.59237,,,continue,manual,35.00,TRUE,TRUE,,,,active
configurator-basketball-shirt-hoodie,Basketball Shooting Shirt with Hoodie,<p>Custom Besu Customs Basketball Shooting Shirt with Hoodie configured in the 3D configurator.</p>,Besu Customs,Basketball Shooting Shirts,"Configurator, Jerseys, Custom Order, Made to Order, Configurator Checkout",TRUE,Size,Youth Small,CONFIGURATOR-BASKETBALL-SHIRT-HOODIE-YOUTH-SMALL,453.59237,,,continue,manual,35.00,TRUE,TRUE,https://c3e270-bf.myshopify.com/cdn/shop/files/BESU_CUSTOMS_LOGO_03810b1c-fd52-48b7-bb07-96e4843b2df2.png?v=1758320790,1,Basketball Shooting Shirt with Hoodie - Besu Customs,active
configurator-basketball-shirt-hoodie,,,Besu Customs,,,TRUE,Size,Youth Medium,CONFIGURATOR-BASKETBALL-SHIRT-HOODIE-YOUTH-MEDIUM,453.59237,,,continue,manual,35.00,TRUE,TRUE,,,,active
configurator-basketball-shirt-hoodie,,,Besu Customs,,,TRUE,Size,Youth Large,CONFIGURATOR-BASKETBALL-SHIRT-HOODIE-YOUTH-LARGE,453.59237,,,continue,manual,35.00,TRUE,TRUE,,,,active
configurator-basketball-shirt-hoodie,,,Besu Customs,,,TRUE,Size,Adult X-Small,CONFIGURATOR-BASKETBALL-SHIRT-HOODIE-ADULT-X-SMALL,453.59237,,,continue,manual,35.00,TRUE,TRUE,,,,active
configurator-basketball-shirt-hoodie,,,Besu Customs,,,TRUE,Size,Adult Small,CONFIGURATOR-BASKETBALL-SHIRT-HOODIE-ADULT-SMALL,453.59237,,,continue,manual,35.00,TRUE,TRUE,,,,active
configurator-basketball-shirt-hoodie,,,Besu Customs,,,TRUE,Size,Adult Medium,CONFIGURATOR-BASKETBALL-SHIRT-HOODIE-ADULT-MEDIUM,453.59237,,,continue,manual,35.00,TRUE,TRUE,,,,active
configurator-basketball-shirt-hoodie,,,Besu Customs,,,TRUE,Size,Adult Large,CONFIGURATOR-BASKETBALL-SHIRT-HOODIE-ADULT-LARGE,453.59237,,,continue,manual,35.00,TRUE,TRUE,,,,active
configurator-basketball-shirt-hoodie,,,Besu Customs,,,TRUE,Size,Adult X-Large,CONFIGURATOR-BASKETBALL-SHIRT-HOODIE-ADULT-X-LARGE,453.59237,,,continue,manual,35.00,TRUE,TRUE,,,,active
configurator-basketball-shirt-hoodie,,,Besu Customs,,,TRUE,Size,Adult 2XL,CONFIGURATOR-BASKETBALL-SHIRT-HOODIE-ADULT-2XL,453.59237,,,continue,manual,35.00,TRUE,TRUE,,,,active
configurator-basketball-shirt-hoodie,,,Besu Customs,,,TRUE,Size,Adult 3XL,CONFIGURATOR-BASKETBALL-SHIRT-HOODIE-ADULT-3XL,453.59237,,,continue,manual,35.00,TRUE,TRUE,,,,active
configurator-basketball-shirt-short,Basketball Shooting Shirt Short Sleeve,<p>Custom Besu Customs Basketball Shooting Shirt Short Sleeve configured in the 3D configurator.</p>,Besu Customs,Basketball Shooting Shirts,"Configurator, Jerseys, Custom Order, Made to Order, Configurator Checkout",TRUE,Size,Youth Small,CONFIGURATOR-BASKETBALL-SHIRT-SHORT-YOUTH-SMALL,453.59237,,,continue,manual,35.00,TRUE,TRUE,https://c3e270-bf.myshopify.com/cdn/shop/files/BESU_CUSTOMS_LOGO_03810b1c-fd52-48b7-bb07-96e4843b2df2.png?v=1758320790,1,Basketball Shooting Shirt Short Sleeve - Besu Customs,active
configurator-basketball-shirt-short,,,Besu Customs,,,TRUE,Size,Youth Medium,CONFIGURATOR-BASKETBALL-SHIRT-SHORT-YOUTH-MEDIUM,453.59237,,,continue,manual,35.00,TRUE,TRUE,,,,active
configurator-basketball-shirt-short,,,Besu Customs,,,TRUE,Size,Youth Large,CONFIGURATOR-BASKETBALL-SHIRT-SHORT-YOUTH-LARGE,453.59237,,,continue,manual,35.00,TRUE,TRUE,,,,active
configurator-basketball-shirt-short,,,Besu Customs,,,TRUE,Size,Adult X-Small,CONFIGURATOR-BASKETBALL-SHIRT-SHORT-ADULT-X-SMALL,453.59237,,,continue,manual,35.00,TRUE,TRUE,,,,active
configurator-basketball-shirt-short,,,Besu Customs,,,TRUE,Size,Adult Small,CONFIGURATOR-BASKETBALL-SHIRT-SHORT-ADULT-SMALL,453.59237,,,continue,manual,35.00,TRUE,TRUE,,,,active
configurator-basketball-shirt-short,,,Besu Customs,,,TRUE,Size,Adult Medium,CONFIGURATOR-BASKETBALL-SHIRT-SHORT-ADULT-MEDIUM,453.59237,,,continue,manual,35.00,TRUE,TRUE,,,,active
configurator-basketball-shirt-short,,,Besu Customs,,,TRUE,Size,Adult Large,CONFIGURATOR-BASKETBALL-SHIRT-SHORT-ADULT-LARGE,453.59237,,,continue,manual,35.00,TRUE,TRUE,,,,active
configurator-basketball-shirt-short,,,Besu Customs,,,TRUE,Size,Adult X-Large,CONFIGURATOR-BASKETBALL-SHIRT-SHORT-ADULT-X-LARGE,453.59237,,,continue,manual,35.00,TRUE,TRUE,,,,active
configurator-basketball-shirt-short,,,Besu Customs,,,TRUE,Size,Adult 2XL,CONFIGURATOR-BASKETBALL-SHIRT-SHORT-ADULT-2XL,453.59237,,,continue,manual,35.00,TRUE,TRUE,,,,active
configurator-basketball-shirt-short,,,Besu Customs,,,TRUE,Size,Adult 3XL,CONFIGURATOR-BASKETBALL-SHIRT-SHORT-ADULT-3XL,453.59237,,,continue,manual,35.00,TRUE,TRUE,,,,active
configurator-duffle-bag,Duffle Bag,<p>Custom Besu Customs Duffle Bag configured in the 3D configurator.</p>,Besu Customs,Sports Bags,"Configurator, Bags, Custom Order, Made to Order, Configurator Checkout",TRUE,Title,Default Title,CONFIGURATOR-DUFFLE-BAG-DEFAULT-TITLE,907.18474,,,continue,manual,65.00,TRUE,TRUE,https://c3e270-bf.myshopify.com/cdn/shop/files/BESU_CUSTOMS_LOGO_03810b1c-fd52-48b7-bb07-96e4843b2df2.png?v=1758320790,1,Duffle Bag - Besu Customs,active
configurator-flag-football-hoodie,Flag Football Jersey with Hoodie,<p>Custom Besu Customs Flag Football Jersey with Hoodie configured in the 3D configurator.</p>,Besu Customs,Football Uniforms,"Configurator, Hoodies, Custom Order, Made to Order, Configurator Checkout",TRUE,Size,Youth Small,CONFIGURATOR-FLAG-FOOTBALL-HOODIE-YOUTH-SMALL,453.59237,,,continue,manual,35.00,TRUE,TRUE,https://c3e270-bf.myshopify.com/cdn/shop/files/BESU_CUSTOMS_LOGO_03810b1c-fd52-48b7-bb07-96e4843b2df2.png?v=1758320790,1,Flag Football Jersey with Hoodie - Besu Customs,active
configurator-flag-football-hoodie,,,Besu Customs,,,TRUE,Size,Youth Medium,CONFIGURATOR-FLAG-FOOTBALL-HOODIE-YOUTH-MEDIUM,453.59237,,,continue,manual,35.00,TRUE,TRUE,,,,active
configurator-flag-football-hoodie,,,Besu Customs,,,TRUE,Size,Youth Large,CONFIGURATOR-FLAG-FOOTBALL-HOODIE-YOUTH-LARGE,453.59237,,,continue,manual,35.00,TRUE,TRUE,,,,active
configurator-flag-football-hoodie,,,Besu Customs,,,TRUE,Size,Adult X-Small,CONFIGURATOR-FLAG-FOOTBALL-HOODIE-ADULT-X-SMALL,453.59237,,,continue,manual,35.00,TRUE,TRUE,,,,active
configurator-flag-football-hoodie,,,Besu Customs,,,TRUE,Size,Adult Small,CONFIGURATOR-FLAG-FOOTBALL-HOODIE-ADULT-SMALL,453.59237,,,continue,manual,35.00,TRUE,TRUE,,,,active
configurator-flag-football-hoodie,,,Besu Customs,,,TRUE,Size,Adult Medium,CONFIGURATOR-FLAG-FOOTBALL-HOODIE-ADULT-MEDIUM,453.59237,,,continue,manual,35.00,TRUE,TRUE,,,,active
configurator-flag-football-hoodie,,,Besu Customs,,,TRUE,Size,Adult Large,CONFIGURATOR-FLAG-FOOTBALL-HOODIE-ADULT-LARGE,453.59237,,,continue,manual,35.00,TRUE,TRUE,,,,active
configurator-flag-football-hoodie,,,Besu Customs,,,TRUE,Size,Adult X-Large,CONFIGURATOR-FLAG-FOOTBALL-HOODIE-ADULT-X-LARGE,453.59237,,,continue,manual,35.00,TRUE,TRUE,,,,active
configurator-flag-football-hoodie,,,Besu Customs,,,TRUE,Size,Adult 2XL,CONFIGURATOR-FLAG-FOOTBALL-HOODIE-ADULT-2XL,453.59237,,,continue,manual,35.00,TRUE,TRUE,,,,active
configurator-flag-football-hoodie,,,Besu Customs,,,TRUE,Size,Adult 3XL,CONFIGURATOR-FLAG-FOOTBALL-HOODIE-ADULT-3XL,453.59237,,,continue,manual,35.00,TRUE,TRUE,,,,active
configurator-half-short,Half Size Shorts,<p>Custom Besu Customs Half Size Shorts configured in the 3D configurator.</p>,Besu Customs,Shorts,"Configurator, Shorts, Custom Order, Made to Order, Configurator Checkout",TRUE,Size,Youth Small,CONFIGURATOR-HALF-SHORT-YOUTH-SMALL,453.59237,,,continue,manual,30.00,TRUE,TRUE,https://c3e270-bf.myshopify.com/cdn/shop/files/BESU_CUSTOMS_LOGO_03810b1c-fd52-48b7-bb07-96e4843b2df2.png?v=1758320790,1,Half Size Shorts - Besu Customs,active
configurator-half-short,,,Besu Customs,,,TRUE,Size,Youth Medium,CONFIGURATOR-HALF-SHORT-YOUTH-MEDIUM,453.59237,,,continue,manual,30.00,TRUE,TRUE,,,,active
configurator-half-short,,,Besu Customs,,,TRUE,Size,Youth Large,CONFIGURATOR-HALF-SHORT-YOUTH-LARGE,453.59237,,,continue,manual,30.00,TRUE,TRUE,,,,active
configurator-half-short,,,Besu Customs,,,TRUE,Size,Adult X-Small,CONFIGURATOR-HALF-SHORT-ADULT-X-SMALL,453.59237,,,continue,manual,30.00,TRUE,TRUE,,,,active
configurator-half-short,,,Besu Customs,,,TRUE,Size,Adult Small,CONFIGURATOR-HALF-SHORT-ADULT-SMALL,453.59237,,,continue,manual,30.00,TRUE,TRUE,,,,active
configurator-half-short,,,Besu Customs,,,TRUE,Size,Adult Medium,CONFIGURATOR-HALF-SHORT-ADULT-MEDIUM,453.59237,,,continue,manual,30.00,TRUE,TRUE,,,,active
configurator-half-short,,,Besu Customs,,,TRUE,Size,Adult Large,CONFIGURATOR-HALF-SHORT-ADULT-LARGE,453.59237,,,continue,manual,30.00,TRUE,TRUE,,,,active
configurator-half-short,,,Besu Customs,,,TRUE,Size,Adult X-Large,CONFIGURATOR-HALF-SHORT-ADULT-X-LARGE,453.59237,,,continue,manual,30.00,TRUE,TRUE,,,,active
configurator-half-short,,,Besu Customs,,,TRUE,Size,Adult 2XL,CONFIGURATOR-HALF-SHORT-ADULT-2XL,453.59237,,,continue,manual,30.00,TRUE,TRUE,,,,active
configurator-half-short,,,Besu Customs,,,TRUE,Size,Adult 3XL,CONFIGURATOR-HALF-SHORT-ADULT-3XL,453.59237,,,continue,manual,30.00,TRUE,TRUE,,,,active
configurator-hoodie,Hoodie,<p>Custom Besu Customs Hoodie configured in the 3D configurator.</p>,Besu Customs,Hoodies,"Configurator, Hoodies, Custom Order, Made to Order, Configurator Checkout",TRUE,Size,Youth Small,CONFIGURATOR-HOODIE-YOUTH-SMALL,453.59237,,,continue,manual,45.00,TRUE,TRUE,https://c3e270-bf.myshopify.com/cdn/shop/files/BESU_CUSTOMS_LOGO_03810b1c-fd52-48b7-bb07-96e4843b2df2.png?v=1758320790,1,Hoodie - Besu Customs,active
configurator-hoodie,,,Besu Customs,,,TRUE,Size,Youth Medium,CONFIGURATOR-HOODIE-YOUTH-MEDIUM,453.59237,,,continue,manual,45.00,TRUE,TRUE,,,,active
configurator-hoodie,,,Besu Customs,,,TRUE,Size,Youth Large,CONFIGURATOR-HOODIE-YOUTH-LARGE,453.59237,,,continue,manual,45.00,TRUE,TRUE,,,,active
configurator-hoodie,,,Besu Customs,,,TRUE,Size,Adult X-Small,CONFIGURATOR-HOODIE-ADULT-X-SMALL,453.59237,,,continue,manual,45.00,TRUE,TRUE,,,,active
configurator-hoodie,,,Besu Customs,,,TRUE,Size,Adult Small,CONFIGURATOR-HOODIE-ADULT-SMALL,453.59237,,,continue,manual,45.00,TRUE,TRUE,,,,active
configurator-hoodie,,,Besu Customs,,,TRUE,Size,Adult Medium,CONFIGURATOR-HOODIE-ADULT-MEDIUM,453.59237,,,continue,manual,45.00,TRUE,TRUE,,,,active
configurator-hoodie,,,Besu Customs,,,TRUE,Size,Adult Large,CONFIGURATOR-HOODIE-ADULT-LARGE,453.59237,,,continue,manual,45.00,TRUE,TRUE,,,,active
configurator-hoodie,,,Besu Customs,,,TRUE,Size,Adult X-Large,CONFIGURATOR-HOODIE-ADULT-X-LARGE,453.59237,,,continue,manual,45.00,TRUE,TRUE,,,,active
configurator-hoodie,,,Besu Customs,,,TRUE,Size,Adult 2XL,CONFIGURATOR-HOODIE-ADULT-2XL,453.59237,,,continue,manual,45.00,TRUE,TRUE,,,,active
configurator-hoodie,,,Besu Customs,,,TRUE,Size,Adult 3XL,CONFIGURATOR-HOODIE-ADULT-3XL,453.59237,,,continue,manual,45.00,TRUE,TRUE,,,,active
configurator-long-pants,Long Pants,<p>Custom Besu Customs Long Pants configured in the 3D configurator.</p>,Besu Customs,Pants,"Configurator, Shorts, Custom Order, Made to Order, Configurator Checkout",TRUE,Size,Youth Small,CONFIGURATOR-LONG-PANTS-YOUTH-SMALL,453.59237,,,continue,manual,45.00,TRUE,TRUE,https://c3e270-bf.myshopify.com/cdn/shop/files/BESU_CUSTOMS_LOGO_03810b1c-fd52-48b7-bb07-96e4843b2df2.png?v=1758320790,1,Long Pants - Besu Customs,active
configurator-long-pants,,,Besu Customs,,,TRUE,Size,Youth Medium,CONFIGURATOR-LONG-PANTS-YOUTH-MEDIUM,453.59237,,,continue,manual,45.00,TRUE,TRUE,,,,active
configurator-long-pants,,,Besu Customs,,,TRUE,Size,Youth Large,CONFIGURATOR-LONG-PANTS-YOUTH-LARGE,453.59237,,,continue,manual,45.00,TRUE,TRUE,,,,active
configurator-long-pants,,,Besu Customs,,,TRUE,Size,Adult X-Small,CONFIGURATOR-LONG-PANTS-ADULT-X-SMALL,453.59237,,,continue,manual,45.00,TRUE,TRUE,,,,active
configurator-long-pants,,,Besu Customs,,,TRUE,Size,Adult Small,CONFIGURATOR-LONG-PANTS-ADULT-SMALL,453.59237,,,continue,manual,45.00,TRUE,TRUE,,,,active
configurator-long-pants,,,Besu Customs,,,TRUE,Size,Adult Medium,CONFIGURATOR-LONG-PANTS-ADULT-MEDIUM,453.59237,,,continue,manual,45.00,TRUE,TRUE,,,,active
configurator-long-pants,,,Besu Customs,,,TRUE,Size,Adult Large,CONFIGURATOR-LONG-PANTS-ADULT-LARGE,453.59237,,,continue,manual,45.00,TRUE,TRUE,,,,active
configurator-long-pants,,,Besu Customs,,,TRUE,Size,Adult X-Large,CONFIGURATOR-LONG-PANTS-ADULT-X-LARGE,453.59237,,,continue,manual,45.00,TRUE,TRUE,,,,active
configurator-long-pants,,,Besu Customs,,,TRUE,Size,Adult 2XL,CONFIGURATOR-LONG-PANTS-ADULT-2XL,453.59237,,,continue,manual,45.00,TRUE,TRUE,,,,active
configurator-long-pants,,,Besu Customs,,,TRUE,Size,Adult 3XL,CONFIGURATOR-LONG-PANTS-ADULT-3XL,453.59237,,,continue,manual,45.00,TRUE,TRUE,,,,active
configurator-polo-long,Polo Shirts Long Sleeve,<p>Custom Besu Customs Polo Shirts Long Sleeve configured in the 3D configurator.</p>,Besu Customs,Polos,"Configurator, Polos, Custom Order, Made to Order, Configurator Checkout",TRUE,Size,Youth Small,CONFIGURATOR-POLO-LONG-YOUTH-SMALL,453.59237,,,continue,manual,35.00,TRUE,TRUE,https://c3e270-bf.myshopify.com/cdn/shop/files/BESU_CUSTOMS_LOGO_03810b1c-fd52-48b7-bb07-96e4843b2df2.png?v=1758320790,1,Polo Shirts Long Sleeve - Besu Customs,active
configurator-polo-long,,,Besu Customs,,,TRUE,Size,Youth Medium,CONFIGURATOR-POLO-LONG-YOUTH-MEDIUM,453.59237,,,continue,manual,35.00,TRUE,TRUE,,,,active
configurator-polo-long,,,Besu Customs,,,TRUE,Size,Youth Large,CONFIGURATOR-POLO-LONG-YOUTH-LARGE,453.59237,,,continue,manual,35.00,TRUE,TRUE,,,,active
configurator-polo-long,,,Besu Customs,,,TRUE,Size,Adult X-Small,CONFIGURATOR-POLO-LONG-ADULT-X-SMALL,453.59237,,,continue,manual,35.00,TRUE,TRUE,,,,active
configurator-polo-long,,,Besu Customs,,,TRUE,Size,Adult Small,CONFIGURATOR-POLO-LONG-ADULT-SMALL,453.59237,,,continue,manual,35.00,TRUE,TRUE,,,,active
configurator-polo-long,,,Besu Customs,,,TRUE,Size,Adult Medium,CONFIGURATOR-POLO-LONG-ADULT-MEDIUM,453.59237,,,continue,manual,35.00,TRUE,TRUE,,,,active
configurator-polo-long,,,Besu Customs,,,TRUE,Size,Adult Large,CONFIGURATOR-POLO-LONG-ADULT-LARGE,453.59237,,,continue,manual,35.00,TRUE,TRUE,,,,active
configurator-polo-long,,,Besu Customs,,,TRUE,Size,Adult X-Large,CONFIGURATOR-POLO-LONG-ADULT-X-LARGE,453.59237,,,continue,manual,35.00,TRUE,TRUE,,,,active
configurator-polo-long,,,Besu Customs,,,TRUE,Size,Adult 2XL,CONFIGURATOR-POLO-LONG-ADULT-2XL,453.59237,,,continue,manual,35.00,TRUE,TRUE,,,,active
configurator-polo-long,,,Besu Customs,,,TRUE,Size,Adult 3XL,CONFIGURATOR-POLO-LONG-ADULT-3XL,453.59237,,,continue,manual,35.00,TRUE,TRUE,,,,active
configurator-polo-short,Polo Shirts Short Sleeve,<p>Custom Besu Customs Polo Shirts Short Sleeve configured in the 3D configurator.</p>,Besu Customs,Polos,"Configurator, Polos, Custom Order, Made to Order, Configurator Checkout",TRUE,Size,Youth Small,CONFIGURATOR-POLO-SHORT-YOUTH-SMALL,453.59237,,,continue,manual,35.00,TRUE,TRUE,https://c3e270-bf.myshopify.com/cdn/shop/files/BESU_CUSTOMS_LOGO_03810b1c-fd52-48b7-bb07-96e4843b2df2.png?v=1758320790,1,Polo Shirts Short Sleeve - Besu Customs,active
configurator-polo-short,,,Besu Customs,,,TRUE,Size,Youth Medium,CONFIGURATOR-POLO-SHORT-YOUTH-MEDIUM,453.59237,,,continue,manual,35.00,TRUE,TRUE,,,,active
configurator-polo-short,,,Besu Customs,,,TRUE,Size,Youth Large,CONFIGURATOR-POLO-SHORT-YOUTH-LARGE,453.59237,,,continue,manual,35.00,TRUE,TRUE,,,,active
configurator-polo-short,,,Besu Customs,,,TRUE,Size,Adult X-Small,CONFIGURATOR-POLO-SHORT-ADULT-X-SMALL,453.59237,,,continue,manual,35.00,TRUE,TRUE,,,,active
configurator-polo-short,,,Besu Customs,,,TRUE,Size,Adult Small,CONFIGURATOR-POLO-SHORT-ADULT-SMALL,453.59237,,,continue,manual,35.00,TRUE,TRUE,,,,active
configurator-polo-short,,,Besu Customs,,,TRUE,Size,Adult Medium,CONFIGURATOR-POLO-SHORT-ADULT-MEDIUM,453.59237,,,continue,manual,35.00,TRUE,TRUE,,,,active
configurator-polo-short,,,Besu Customs,,,TRUE,Size,Adult Large,CONFIGURATOR-POLO-SHORT-ADULT-LARGE,453.59237,,,continue,manual,35.00,TRUE,TRUE,,,,active
configurator-polo-short,,,Besu Customs,,,TRUE,Size,Adult X-Large,CONFIGURATOR-POLO-SHORT-ADULT-X-LARGE,453.59237,,,continue,manual,35.00,TRUE,TRUE,,,,active
configurator-polo-short,,,Besu Customs,,,TRUE,Size,Adult 2XL,CONFIGURATOR-POLO-SHORT-ADULT-2XL,453.59237,,,continue,manual,35.00,TRUE,TRUE,,,,active
configurator-polo-short,,,Besu Customs,,,TRUE,Size,Adult 3XL,CONFIGURATOR-POLO-SHORT-ADULT-3XL,453.59237,,,continue,manual,35.00,TRUE,TRUE,,,,active
configurator-soccer-crew,Soccer Jersey Crew Neck,<p>Custom Besu Customs Soccer Jersey Crew Neck configured in the 3D configurator.</p>,Besu Customs,Soccer Uniforms,"Configurator, Soccer, Custom Order, Made to Order, Configurator Checkout",TRUE,Size,Youth Small,CONFIGURATOR-SOCCER-CREW-YOUTH-SMALL,453.59237,,,continue,manual,35.00,TRUE,TRUE,https://c3e270-bf.myshopify.com/cdn/shop/files/BESU_CUSTOMS_LOGO_03810b1c-fd52-48b7-bb07-96e4843b2df2.png?v=1758320790,1,Soccer Jersey Crew Neck - Besu Customs,active
configurator-soccer-crew,,,Besu Customs,,,TRUE,Size,Youth Medium,CONFIGURATOR-SOCCER-CREW-YOUTH-MEDIUM,453.59237,,,continue,manual,35.00,TRUE,TRUE,,,,active
configurator-soccer-crew,,,Besu Customs,,,TRUE,Size,Youth Large,CONFIGURATOR-SOCCER-CREW-YOUTH-LARGE,453.59237,,,continue,manual,35.00,TRUE,TRUE,,,,active
configurator-soccer-crew,,,Besu Customs,,,TRUE,Size,Adult X-Small,CONFIGURATOR-SOCCER-CREW-ADULT-X-SMALL,453.59237,,,continue,manual,35.00,TRUE,TRUE,,,,active
configurator-soccer-crew,,,Besu Customs,,,TRUE,Size,Adult Small,CONFIGURATOR-SOCCER-CREW-ADULT-SMALL,453.59237,,,continue,manual,35.00,TRUE,TRUE,,,,active
configurator-soccer-crew,,,Besu Customs,,,TRUE,Size,Adult Medium,CONFIGURATOR-SOCCER-CREW-ADULT-MEDIUM,453.59237,,,continue,manual,35.00,TRUE,TRUE,,,,active
configurator-soccer-crew,,,Besu Customs,,,TRUE,Size,Adult Large,CONFIGURATOR-SOCCER-CREW-ADULT-LARGE,453.59237,,,continue,manual,35.00,TRUE,TRUE,,,,active
configurator-soccer-crew,,,Besu Customs,,,TRUE,Size,Adult X-Large,CONFIGURATOR-SOCCER-CREW-ADULT-X-LARGE,453.59237,,,continue,manual,35.00,TRUE,TRUE,,,,active
configurator-soccer-crew,,,Besu Customs,,,TRUE,Size,Adult 2XL,CONFIGURATOR-SOCCER-CREW-ADULT-2XL,453.59237,,,continue,manual,35.00,TRUE,TRUE,,,,active
configurator-soccer-crew,,,Besu Customs,,,TRUE,Size,Adult 3XL,CONFIGURATOR-SOCCER-CREW-ADULT-3XL,453.59237,,,continue,manual,35.00,TRUE,TRUE,,,,active
configurator-soccer-vneck,Soccer Jersey V-Neck,<p>Custom Besu Customs Soccer Jersey V-Neck configured in the 3D configurator.</p>,Besu Customs,Soccer Uniforms,"Configurator, Soccer, Custom Order, Made to Order, Configurator Checkout",TRUE,Size,Youth Small,CONFIGURATOR-SOCCER-VNECK-YOUTH-SMALL,453.59237,,,continue,manual,35.00,TRUE,TRUE,https://c3e270-bf.myshopify.com/cdn/shop/files/BESU_CUSTOMS_LOGO_03810b1c-fd52-48b7-bb07-96e4843b2df2.png?v=1758320790,1,Soccer Jersey V-Neck - Besu Customs,active
configurator-soccer-vneck,,,Besu Customs,,,TRUE,Size,Youth Medium,CONFIGURATOR-SOCCER-VNECK-YOUTH-MEDIUM,453.59237,,,continue,manual,35.00,TRUE,TRUE,,,,active
configurator-soccer-vneck,,,Besu Customs,,,TRUE,Size,Youth Large,CONFIGURATOR-SOCCER-VNECK-YOUTH-LARGE,453.59237,,,continue,manual,35.00,TRUE,TRUE,,,,active
configurator-soccer-vneck,,,Besu Customs,,,TRUE,Size,Adult X-Small,CONFIGURATOR-SOCCER-VNECK-ADULT-X-SMALL,453.59237,,,continue,manual,35.00,TRUE,TRUE,,,,active
configurator-soccer-vneck,,,Besu Customs,,,TRUE,Size,Adult Small,CONFIGURATOR-SOCCER-VNECK-ADULT-SMALL,453.59237,,,continue,manual,35.00,TRUE,TRUE,,,,active
configurator-soccer-vneck,,,Besu Customs,,,TRUE,Size,Adult Medium,CONFIGURATOR-SOCCER-VNECK-ADULT-MEDIUM,453.59237,,,continue,manual,35.00,TRUE,TRUE,,,,active
configurator-soccer-vneck,,,Besu Customs,,,TRUE,Size,Adult Large,CONFIGURATOR-SOCCER-VNECK-ADULT-LARGE,453.59237,,,continue,manual,35.00,TRUE,TRUE,,,,active
configurator-soccer-vneck,,,Besu Customs,,,TRUE,Size,Adult X-Large,CONFIGURATOR-SOCCER-VNECK-ADULT-X-LARGE,453.59237,,,continue,manual,35.00,TRUE,TRUE,,,,active
configurator-soccer-vneck,,,Besu Customs,,,TRUE,Size,Adult 2XL,CONFIGURATOR-SOCCER-VNECK-ADULT-2XL,453.59237,,,continue,manual,35.00,TRUE,TRUE,,,,active
configurator-soccer-vneck,,,Besu Customs,,,TRUE,Size,Adult 3XL,CONFIGURATOR-SOCCER-VNECK-ADULT-3XL,453.59237,,,continue,manual,35.00,TRUE,TRUE,,,,active
configurator-standard-bottom,"Baseball Standard Bottom Cut, Cuffed","<p>Custom Besu Customs Baseball Standard Bottom Cut, Cuffed configured in the 3D configurator.</p>",Besu Customs,Baseball Pants,"Configurator, Shorts, Custom Order, Made to Order, Configurator Checkout",TRUE,Size,Youth Small,CONFIGURATOR-STANDARD-BOTTOM-YOUTH-SMALL,453.59237,,,continue,manual,30.00,TRUE,TRUE,https://c3e270-bf.myshopify.com/cdn/shop/files/BESU_CUSTOMS_LOGO_03810b1c-fd52-48b7-bb07-96e4843b2df2.png?v=1758320790,1,"Baseball Standard Bottom Cut, Cuffed - Besu Customs",active
configurator-standard-bottom,,,Besu Customs,,,TRUE,Size,Youth Medium,CONFIGURATOR-STANDARD-BOTTOM-YOUTH-MEDIUM,453.59237,,,continue,manual,30.00,TRUE,TRUE,,,,active
configurator-standard-bottom,,,Besu Customs,,,TRUE,Size,Youth Large,CONFIGURATOR-STANDARD-BOTTOM-YOUTH-LARGE,453.59237,,,continue,manual,30.00,TRUE,TRUE,,,,active
configurator-standard-bottom,,,Besu Customs,,,TRUE,Size,Adult X-Small,CONFIGURATOR-STANDARD-BOTTOM-ADULT-X-SMALL,453.59237,,,continue,manual,30.00,TRUE,TRUE,,,,active
configurator-standard-bottom,,,Besu Customs,,,TRUE,Size,Adult Small,CONFIGURATOR-STANDARD-BOTTOM-ADULT-SMALL,453.59237,,,continue,manual,30.00,TRUE,TRUE,,,,active
configurator-standard-bottom,,,Besu Customs,,,TRUE,Size,Adult Medium,CONFIGURATOR-STANDARD-BOTTOM-ADULT-MEDIUM,453.59237,,,continue,manual,30.00,TRUE,TRUE,,,,active
configurator-standard-bottom,,,Besu Customs,,,TRUE,Size,Adult Large,CONFIGURATOR-STANDARD-BOTTOM-ADULT-LARGE,453.59237,,,continue,manual,30.00,TRUE,TRUE,,,,active
configurator-standard-bottom,,,Besu Customs,,,TRUE,Size,Adult X-Large,CONFIGURATOR-STANDARD-BOTTOM-ADULT-X-LARGE,453.59237,,,continue,manual,30.00,TRUE,TRUE,,,,active
configurator-standard-bottom,,,Besu Customs,,,TRUE,Size,Adult 2XL,CONFIGURATOR-STANDARD-BOTTOM-ADULT-2XL,453.59237,,,continue,manual,30.00,TRUE,TRUE,,,,active
configurator-standard-bottom,,,Besu Customs,,,TRUE,Size,Adult 3XL,CONFIGURATOR-STANDARD-BOTTOM-ADULT-3XL,453.59237,,,continue,manual,30.00,TRUE,TRUE,,,,active
configurator-track-compression,Track & Field Compression Shorts,<p>Custom Besu Customs Track & Field Compression Shorts configured in the 3D configurator.</p>,Besu Customs,Track and Field,"Configurator, Track & Field, Custom Order, Made to Order, Configurator Checkout",TRUE,Size,Youth Small,CONFIGURATOR-TRACK-COMPRESSION-YOUTH-SMALL,453.59237,,,continue,manual,35.00,TRUE,TRUE,https://c3e270-bf.myshopify.com/cdn/shop/files/BESU_CUSTOMS_LOGO_03810b1c-fd52-48b7-bb07-96e4843b2df2.png?v=1758320790,1,Track & Field Compression Shorts - Besu Customs,active
configurator-track-compression,,,Besu Customs,,,TRUE,Size,Youth Medium,CONFIGURATOR-TRACK-COMPRESSION-YOUTH-MEDIUM,453.59237,,,continue,manual,35.00,TRUE,TRUE,,,,active
configurator-track-compression,,,Besu Customs,,,TRUE,Size,Youth Large,CONFIGURATOR-TRACK-COMPRESSION-YOUTH-LARGE,453.59237,,,continue,manual,35.00,TRUE,TRUE,,,,active
configurator-track-compression,,,Besu Customs,,,TRUE,Size,Adult X-Small,CONFIGURATOR-TRACK-COMPRESSION-ADULT-X-SMALL,453.59237,,,continue,manual,35.00,TRUE,TRUE,,,,active
configurator-track-compression,,,Besu Customs,,,TRUE,Size,Adult Small,CONFIGURATOR-TRACK-COMPRESSION-ADULT-SMALL,453.59237,,,continue,manual,35.00,TRUE,TRUE,,,,active
configurator-track-compression,,,Besu Customs,,,TRUE,Size,Adult Medium,CONFIGURATOR-TRACK-COMPRESSION-ADULT-MEDIUM,453.59237,,,continue,manual,35.00,TRUE,TRUE,,,,active
configurator-track-compression,,,Besu Customs,,,TRUE,Size,Adult Large,CONFIGURATOR-TRACK-COMPRESSION-ADULT-LARGE,453.59237,,,continue,manual,35.00,TRUE,TRUE,,,,active
configurator-track-compression,,,Besu Customs,,,TRUE,Size,Adult X-Large,CONFIGURATOR-TRACK-COMPRESSION-ADULT-X-LARGE,453.59237,,,continue,manual,35.00,TRUE,TRUE,,,,active
configurator-track-compression,,,Besu Customs,,,TRUE,Size,Adult 2XL,CONFIGURATOR-TRACK-COMPRESSION-ADULT-2XL,453.59237,,,continue,manual,35.00,TRUE,TRUE,,,,active
configurator-track-compression,,,Besu Customs,,,TRUE,Size,Adult 3XL,CONFIGURATOR-TRACK-COMPRESSION-ADULT-3XL,453.59237,,,continue,manual,35.00,TRUE,TRUE,,,,active
configurator-track-mid-shorts,Track & Field Mid-Length Shorts,<p>Custom Besu Customs Track & Field Mid-Length Shorts configured in the 3D configurator.</p>,Besu Customs,Track and Field,"Configurator, Track & Field, Custom Order, Made to Order, Configurator Checkout",TRUE,Size,Youth Small,CONFIGURATOR-TRACK-MID-SHORTS-YOUTH-SMALL,453.59237,,,continue,manual,35.00,TRUE,TRUE,https://c3e270-bf.myshopify.com/cdn/shop/files/BESU_CUSTOMS_LOGO_03810b1c-fd52-48b7-bb07-96e4843b2df2.png?v=1758320790,1,Track & Field Mid-Length Shorts - Besu Customs,active
configurator-track-mid-shorts,,,Besu Customs,,,TRUE,Size,Youth Medium,CONFIGURATOR-TRACK-MID-SHORTS-YOUTH-MEDIUM,453.59237,,,continue,manual,35.00,TRUE,TRUE,,,,active
configurator-track-mid-shorts,,,Besu Customs,,,TRUE,Size,Youth Large,CONFIGURATOR-TRACK-MID-SHORTS-YOUTH-LARGE,453.59237,,,continue,manual,35.00,TRUE,TRUE,,,,active
configurator-track-mid-shorts,,,Besu Customs,,,TRUE,Size,Adult X-Small,CONFIGURATOR-TRACK-MID-SHORTS-ADULT-X-SMALL,453.59237,,,continue,manual,35.00,TRUE,TRUE,,,,active
configurator-track-mid-shorts,,,Besu Customs,,,TRUE,Size,Adult Small,CONFIGURATOR-TRACK-MID-SHORTS-ADULT-SMALL,453.59237,,,continue,manual,35.00,TRUE,TRUE,,,,active
configurator-track-mid-shorts,,,Besu Customs,,,TRUE,Size,Adult Medium,CONFIGURATOR-TRACK-MID-SHORTS-ADULT-MEDIUM,453.59237,,,continue,manual,35.00,TRUE,TRUE,,,,active
configurator-track-mid-shorts,,,Besu Customs,,,TRUE,Size,Adult Large,CONFIGURATOR-TRACK-MID-SHORTS-ADULT-LARGE,453.59237,,,continue,manual,35.00,TRUE,TRUE,,,,active
configurator-track-mid-shorts,,,Besu Customs,,,TRUE,Size,Adult X-Large,CONFIGURATOR-TRACK-MID-SHORTS-ADULT-X-LARGE,453.59237,,,continue,manual,35.00,TRUE,TRUE,,,,active
configurator-track-mid-shorts,,,Besu Customs,,,TRUE,Size,Adult 2XL,CONFIGURATOR-TRACK-MID-SHORTS-ADULT-2XL,453.59237,,,continue,manual,35.00,TRUE,TRUE,,,,active
configurator-track-mid-shorts,,,Besu Customs,,,TRUE,Size,Adult 3XL,CONFIGURATOR-TRACK-MID-SHORTS-ADULT-3XL,453.59237,,,continue,manual,35.00,TRUE,TRUE,,,,active
configurator-track-split-shorts,Track & Field Split Shorts,<p>Custom Besu Customs Track & Field Split Shorts configured in the 3D configurator.</p>,Besu Customs,Track and Field,"Configurator, Track & Field, Custom Order, Made to Order, Configurator Checkout",TRUE,Size,Youth Small,CONFIGURATOR-TRACK-SPLIT-SHORTS-YOUTH-SMALL,453.59237,,,continue,manual,35.00,TRUE,TRUE,https://c3e270-bf.myshopify.com/cdn/shop/files/BESU_CUSTOMS_LOGO_03810b1c-fd52-48b7-bb07-96e4843b2df2.png?v=1758320790,1,Track & Field Split Shorts - Besu Customs,active
configurator-track-split-shorts,,,Besu Customs,,,TRUE,Size,Youth Medium,CONFIGURATOR-TRACK-SPLIT-SHORTS-YOUTH-MEDIUM,453.59237,,,continue,manual,35.00,TRUE,TRUE,,,,active
configurator-track-split-shorts,,,Besu Customs,,,TRUE,Size,Youth Large,CONFIGURATOR-TRACK-SPLIT-SHORTS-YOUTH-LARGE,453.59237,,,continue,manual,35.00,TRUE,TRUE,,,,active
configurator-track-split-shorts,,,Besu Customs,,,TRUE,Size,Adult X-Small,CONFIGURATOR-TRACK-SPLIT-SHORTS-ADULT-X-SMALL,453.59237,,,continue,manual,35.00,TRUE,TRUE,,,,active
configurator-track-split-shorts,,,Besu Customs,,,TRUE,Size,Adult Small,CONFIGURATOR-TRACK-SPLIT-SHORTS-ADULT-SMALL,453.59237,,,continue,manual,35.00,TRUE,TRUE,,,,active
configurator-track-split-shorts,,,Besu Customs,,,TRUE,Size,Adult Medium,CONFIGURATOR-TRACK-SPLIT-SHORTS-ADULT-MEDIUM,453.59237,,,continue,manual,35.00,TRUE,TRUE,,,,active
configurator-track-split-shorts,,,Besu Customs,,,TRUE,Size,Adult Large,CONFIGURATOR-TRACK-SPLIT-SHORTS-ADULT-LARGE,453.59237,,,continue,manual,35.00,TRUE,TRUE,,,,active
configurator-track-split-shorts,,,Besu Customs,,,TRUE,Size,Adult X-Large,CONFIGURATOR-TRACK-SPLIT-SHORTS-ADULT-X-LARGE,453.59237,,,continue,manual,35.00,TRUE,TRUE,,,,active
configurator-track-split-shorts,,,Besu Customs,,,TRUE,Size,Adult 2XL,CONFIGURATOR-TRACK-SPLIT-SHORTS-ADULT-2XL,453.59237,,,continue,manual,35.00,TRUE,TRUE,,,,active
configurator-track-split-shorts,,,Besu Customs,,,TRUE,Size,Adult 3XL,CONFIGURATOR-TRACK-SPLIT-SHORTS-ADULT-3XL,453.59237,,,continue,manual,35.00,TRUE,TRUE,,,,active
configurator-track-crop,Track & Field Crop Top,<p>Custom Besu Customs Track & Field Crop Top configured in the 3D configurator.</p>,Besu Customs,Track and Field,"Configurator, Track & Field, Custom Order, Made to Order, Configurator Checkout",TRUE,Size,X-Small,CONFIGURATOR-TRACK-CROP-X-SMALL,453.59237,,,continue,manual,35.00,TRUE,TRUE,https://c3e270-bf.myshopify.com/cdn/shop/files/BESU_CUSTOMS_LOGO_03810b1c-fd52-48b7-bb07-96e4843b2df2.png?v=1758320790,1,Track & Field Crop Top - Besu Customs,active
configurator-track-crop,,,Besu Customs,,,TRUE,Size,Small,CONFIGURATOR-TRACK-CROP-SMALL,453.59237,,,continue,manual,35.00,TRUE,TRUE,,,,active
configurator-track-crop,,,Besu Customs,,,TRUE,Size,Medium,CONFIGURATOR-TRACK-CROP-MEDIUM,453.59237,,,continue,manual,35.00,TRUE,TRUE,,,,active
configurator-track-crop,,,Besu Customs,,,TRUE,Size,Large,CONFIGURATOR-TRACK-CROP-LARGE,453.59237,,,continue,manual,35.00,TRUE,TRUE,,,,active
configurator-track-crop,,,Besu Customs,,,TRUE,Size,X-Large,CONFIGURATOR-TRACK-CROP-X-LARGE,453.59237,,,continue,manual,35.00,TRUE,TRUE,,,,active
configurator-track-crop,,,Besu Customs,,,TRUE,Size,2XL,CONFIGURATOR-TRACK-CROP-2XL,453.59237,,,continue,manual,35.00,TRUE,TRUE,,,,active
configurator-track-short-sleeve,Track & Field Short Sleeve,<p>Custom Besu Customs Track & Field Short Sleeve configured in the 3D configurator.</p>,Besu Customs,Track and Field,"Configurator, Track & Field, Custom Order, Made to Order, Configurator Checkout",TRUE,Size,Youth Small,CONFIGURATOR-TRACK-SHORT-SLEEVE-YOUTH-SMALL,453.59237,,,continue,manual,35.00,TRUE,TRUE,https://c3e270-bf.myshopify.com/cdn/shop/files/BESU_CUSTOMS_LOGO_03810b1c-fd52-48b7-bb07-96e4843b2df2.png?v=1758320790,1,Track & Field Short Sleeve - Besu Customs,active
configurator-track-short-sleeve,,,Besu Customs,,,TRUE,Size,Youth Medium,CONFIGURATOR-TRACK-SHORT-SLEEVE-YOUTH-MEDIUM,453.59237,,,continue,manual,35.00,TRUE,TRUE,,,,active
configurator-track-short-sleeve,,,Besu Customs,,,TRUE,Size,Youth Large,CONFIGURATOR-TRACK-SHORT-SLEEVE-YOUTH-LARGE,453.59237,,,continue,manual,35.00,TRUE,TRUE,,,,active
configurator-track-short-sleeve,,,Besu Customs,,,TRUE,Size,Adult X-Small,CONFIGURATOR-TRACK-SHORT-SLEEVE-ADULT-X-SMALL,453.59237,,,continue,manual,35.00,TRUE,TRUE,,,,active
configurator-track-short-sleeve,,,Besu Customs,,,TRUE,Size,Adult Small,CONFIGURATOR-TRACK-SHORT-SLEEVE-ADULT-SMALL,453.59237,,,continue,manual,35.00,TRUE,TRUE,,,,active
configurator-track-short-sleeve,,,Besu Customs,,,TRUE,Size,Adult Medium,CONFIGURATOR-TRACK-SHORT-SLEEVE-ADULT-MEDIUM,453.59237,,,continue,manual,35.00,TRUE,TRUE,,,,active
configurator-track-short-sleeve,,,Besu Customs,,,TRUE,Size,Adult Large,CONFIGURATOR-TRACK-SHORT-SLEEVE-ADULT-LARGE,453.59237,,,continue,manual,35.00,TRUE,TRUE,,,,active
configurator-track-short-sleeve,,,Besu Customs,,,TRUE,Size,Adult X-Large,CONFIGURATOR-TRACK-SHORT-SLEEVE-ADULT-X-LARGE,453.59237,,,continue,manual,35.00,TRUE,TRUE,,,,active
configurator-track-short-sleeve,,,Besu Customs,,,TRUE,Size,Adult 2XL,CONFIGURATOR-TRACK-SHORT-SLEEVE-ADULT-2XL,453.59237,,,continue,manual,35.00,TRUE,TRUE,,,,active
configurator-track-short-sleeve,,,Besu Customs,,,TRUE,Size,Adult 3XL,CONFIGURATOR-TRACK-SHORT-SLEEVE-ADULT-3XL,453.59237,,,continue,manual,35.00,TRUE,TRUE,,,,active
configurator-track-tank,Track & Field Tank Top,<p>Custom Besu Customs Track & Field Tank Top configured in the 3D configurator.</p>,Besu Customs,Track and Field,"Configurator, Track & Field, Custom Order, Made to Order, Configurator Checkout",TRUE,Size,Youth Small,CONFIGURATOR-TRACK-TANK-YOUTH-SMALL,453.59237,,,continue,manual,35.00,TRUE,TRUE,https://c3e270-bf.myshopify.com/cdn/shop/files/BESU_CUSTOMS_LOGO_03810b1c-fd52-48b7-bb07-96e4843b2df2.png?v=1758320790,1,Track & Field Tank Top - Besu Customs,active
configurator-track-tank,,,Besu Customs,,,TRUE,Size,Youth Medium,CONFIGURATOR-TRACK-TANK-YOUTH-MEDIUM,453.59237,,,continue,manual,35.00,TRUE,TRUE,,,,active
configurator-track-tank,,,Besu Customs,,,TRUE,Size,Youth Large,CONFIGURATOR-TRACK-TANK-YOUTH-LARGE,453.59237,,,continue,manual,35.00,TRUE,TRUE,,,,active
configurator-track-tank,,,Besu Customs,,,TRUE,Size,Adult X-Small,CONFIGURATOR-TRACK-TANK-ADULT-X-SMALL,453.59237,,,continue,manual,35.00,TRUE,TRUE,,,,active
configurator-track-tank,,,Besu Customs,,,TRUE,Size,Adult Small,CONFIGURATOR-TRACK-TANK-ADULT-SMALL,453.59237,,,continue,manual,35.00,TRUE,TRUE,,,,active
configurator-track-tank,,,Besu Customs,,,TRUE,Size,Adult Medium,CONFIGURATOR-TRACK-TANK-ADULT-MEDIUM,453.59237,,,continue,manual,35.00,TRUE,TRUE,,,,active
configurator-track-tank,,,Besu Customs,,,TRUE,Size,Adult Large,CONFIGURATOR-TRACK-TANK-ADULT-LARGE,453.59237,,,continue,manual,35.00,TRUE,TRUE,,,,active
configurator-track-tank,,,Besu Customs,,,TRUE,Size,Adult X-Large,CONFIGURATOR-TRACK-TANK-ADULT-X-LARGE,453.59237,,,continue,manual,35.00,TRUE,TRUE,,,,active
configurator-track-tank,,,Besu Customs,,,TRUE,Size,Adult 2XL,CONFIGURATOR-TRACK-TANK-ADULT-2XL,453.59237,,,continue,manual,35.00,TRUE,TRUE,,,,active
configurator-track-tank,,,Besu Customs,,,TRUE,Size,Adult 3XL,CONFIGURATOR-TRACK-TANK-ADULT-3XL,453.59237,,,continue,manual,35.00,TRUE,TRUE,,,,active
configurator-volleyball-long,Volleyball Long Sleeve Tops,<p>Custom Besu Customs Volleyball Long Sleeve Tops configured in the 3D configurator.</p>,Besu Customs,Volleyball Uniforms,"Configurator, Volleyball, Custom Order, Made to Order, Configurator Checkout",TRUE,Size,Youth Small,CONFIGURATOR-VOLLEYBALL-LONG-YOUTH-SMALL,453.59237,,,continue,manual,35.00,TRUE,TRUE,https://c3e270-bf.myshopify.com/cdn/shop/files/BESU_CUSTOMS_LOGO_03810b1c-fd52-48b7-bb07-96e4843b2df2.png?v=1758320790,1,Volleyball Long Sleeve Tops - Besu Customs,active
configurator-volleyball-long,,,Besu Customs,,,TRUE,Size,Youth Medium,CONFIGURATOR-VOLLEYBALL-LONG-YOUTH-MEDIUM,453.59237,,,continue,manual,35.00,TRUE,TRUE,,,,active
configurator-volleyball-long,,,Besu Customs,,,TRUE,Size,Youth Large,CONFIGURATOR-VOLLEYBALL-LONG-YOUTH-LARGE,453.59237,,,continue,manual,35.00,TRUE,TRUE,,,,active
configurator-volleyball-long,,,Besu Customs,,,TRUE,Size,Adult X-Small,CONFIGURATOR-VOLLEYBALL-LONG-ADULT-X-SMALL,453.59237,,,continue,manual,35.00,TRUE,TRUE,,,,active
configurator-volleyball-long,,,Besu Customs,,,TRUE,Size,Adult Small,CONFIGURATOR-VOLLEYBALL-LONG-ADULT-SMALL,453.59237,,,continue,manual,35.00,TRUE,TRUE,,,,active
configurator-volleyball-long,,,Besu Customs,,,TRUE,Size,Adult Medium,CONFIGURATOR-VOLLEYBALL-LONG-ADULT-MEDIUM,453.59237,,,continue,manual,35.00,TRUE,TRUE,,,,active
configurator-volleyball-long,,,Besu Customs,,,TRUE,Size,Adult Large,CONFIGURATOR-VOLLEYBALL-LONG-ADULT-LARGE,453.59237,,,continue,manual,35.00,TRUE,TRUE,,,,active
configurator-volleyball-long,,,Besu Customs,,,TRUE,Size,Adult X-Large,CONFIGURATOR-VOLLEYBALL-LONG-ADULT-X-LARGE,453.59237,,,continue,manual,35.00,TRUE,TRUE,,,,active
configurator-volleyball-long,,,Besu Customs,,,TRUE,Size,Adult 2XL,CONFIGURATOR-VOLLEYBALL-LONG-ADULT-2XL,453.59237,,,continue,manual,35.00,TRUE,TRUE,,,,active
configurator-volleyball-long,,,Besu Customs,,,TRUE,Size,Adult 3XL,CONFIGURATOR-VOLLEYBALL-LONG-ADULT-3XL,453.59237,,,continue,manual,35.00,TRUE,TRUE,,,,active
configurator-volleyball-short,Volleyball Short Sleeve Tops,<p>Custom Besu Customs Volleyball Short Sleeve Tops configured in the 3D configurator.</p>,Besu Customs,Volleyball Uniforms,"Configurator, Volleyball, Custom Order, Made to Order, Configurator Checkout",TRUE,Size,Youth Small,CONFIGURATOR-VOLLEYBALL-SHORT-YOUTH-SMALL,453.59237,,,continue,manual,35.00,TRUE,TRUE,https://c3e270-bf.myshopify.com/cdn/shop/files/BESU_CUSTOMS_LOGO_03810b1c-fd52-48b7-bb07-96e4843b2df2.png?v=1758320790,1,Volleyball Short Sleeve Tops - Besu Customs,active
configurator-volleyball-short,,,Besu Customs,,,TRUE,Size,Youth Medium,CONFIGURATOR-VOLLEYBALL-SHORT-YOUTH-MEDIUM,453.59237,,,continue,manual,35.00,TRUE,TRUE,,,,active
configurator-volleyball-short,,,Besu Customs,,,TRUE,Size,Youth Large,CONFIGURATOR-VOLLEYBALL-SHORT-YOUTH-LARGE,453.59237,,,continue,manual,35.00,TRUE,TRUE,,,,active
configurator-volleyball-short,,,Besu Customs,,,TRUE,Size,Adult X-Small,CONFIGURATOR-VOLLEYBALL-SHORT-ADULT-X-SMALL,453.59237,,,continue,manual,35.00,TRUE,TRUE,,,,active
configurator-volleyball-short,,,Besu Customs,,,TRUE,Size,Adult Small,CONFIGURATOR-VOLLEYBALL-SHORT-ADULT-SMALL,453.59237,,,continue,manual,35.00,TRUE,TRUE,,,,active
configurator-volleyball-short,,,Besu Customs,,,TRUE,Size,Adult Medium,CONFIGURATOR-VOLLEYBALL-SHORT-ADULT-MEDIUM,453.59237,,,continue,manual,35.00,TRUE,TRUE,,,,active
configurator-volleyball-short,,,Besu Customs,,,TRUE,Size,Adult Large,CONFIGURATOR-VOLLEYBALL-SHORT-ADULT-LARGE,453.59237,,,continue,manual,35.00,TRUE,TRUE,,,,active
configurator-volleyball-short,,,Besu Customs,,,TRUE,Size,Adult X-Large,CONFIGURATOR-VOLLEYBALL-SHORT-ADULT-X-LARGE,453.59237,,,continue,manual,35.00,TRUE,TRUE,,,,active
configurator-volleyball-short,,,Besu Customs,,,TRUE,Size,Adult 2XL,CONFIGURATOR-VOLLEYBALL-SHORT-ADULT-2XL,453.59237,,,continue,manual,35.00,TRUE,TRUE,,,,active
configurator-volleyball-short,,,Besu Customs,,,TRUE,Size,Adult 3XL,CONFIGURATOR-VOLLEYBALL-SHORT-ADULT-3XL,453.59237,,,continue,manual,35.00,TRUE,TRUE,,,,active
configurator-volleyball-spandex-4,Volleyball Shorts Spandex 4,<p>Custom Besu Customs Volleyball Shorts Spandex 4 configured in the 3D configurator.</p>,Besu Customs,Volleyball Shorts,"Configurator, Volleyball, Custom Order, Made to Order, Configurator Checkout",TRUE,Size,Youth Small,CONFIGURATOR-VOLLEYBALL-SPANDEX-4-YOUTH-SMALL,453.59237,,,continue,manual,35.00,TRUE,TRUE,https://c3e270-bf.myshopify.com/cdn/shop/files/BESU_CUSTOMS_LOGO_03810b1c-fd52-48b7-bb07-96e4843b2df2.png?v=1758320790,1,Volleyball Shorts Spandex 4 - Besu Customs,active
configurator-volleyball-spandex-4,,,Besu Customs,,,TRUE,Size,Youth Medium,CONFIGURATOR-VOLLEYBALL-SPANDEX-4-YOUTH-MEDIUM,453.59237,,,continue,manual,35.00,TRUE,TRUE,,,,active
configurator-volleyball-spandex-4,,,Besu Customs,,,TRUE,Size,Youth Large,CONFIGURATOR-VOLLEYBALL-SPANDEX-4-YOUTH-LARGE,453.59237,,,continue,manual,35.00,TRUE,TRUE,,,,active
configurator-volleyball-spandex-4,,,Besu Customs,,,TRUE,Size,Adult X-Small,CONFIGURATOR-VOLLEYBALL-SPANDEX-4-ADULT-X-SMALL,453.59237,,,continue,manual,35.00,TRUE,TRUE,,,,active
configurator-volleyball-spandex-4,,,Besu Customs,,,TRUE,Size,Adult Small,CONFIGURATOR-VOLLEYBALL-SPANDEX-4-ADULT-SMALL,453.59237,,,continue,manual,35.00,TRUE,TRUE,,,,active
configurator-volleyball-spandex-4,,,Besu Customs,,,TRUE,Size,Adult Medium,CONFIGURATOR-VOLLEYBALL-SPANDEX-4-ADULT-MEDIUM,453.59237,,,continue,manual,35.00,TRUE,TRUE,,,,active
configurator-volleyball-spandex-4,,,Besu Customs,,,TRUE,Size,Adult Large,CONFIGURATOR-VOLLEYBALL-SPANDEX-4-ADULT-LARGE,453.59237,,,continue,manual,35.00,TRUE,TRUE,,,,active
configurator-volleyball-spandex-4,,,Besu Customs,,,TRUE,Size,Adult X-Large,CONFIGURATOR-VOLLEYBALL-SPANDEX-4-ADULT-X-LARGE,453.59237,,,continue,manual,35.00,TRUE,TRUE,,,,active
configurator-volleyball-spandex-4,,,Besu Customs,,,TRUE,Size,Adult 2XL,CONFIGURATOR-VOLLEYBALL-SPANDEX-4-ADULT-2XL,453.59237,,,continue,manual,35.00,TRUE,TRUE,,,,active
configurator-volleyball-spandex-4,,,Besu Customs,,,TRUE,Size,Adult 3XL,CONFIGURATOR-VOLLEYBALL-SPANDEX-4-ADULT-3XL,453.59237,,,continue,manual,35.00,TRUE,TRUE,,,,active
configurator-volleyball-spandex,Volleyball Shorts Spandex,<p>Custom Besu Customs Volleyball Shorts Spandex configured in the 3D configurator.</p>,Besu Customs,Volleyball Shorts,"Configurator, Volleyball, Custom Order, Made to Order, Configurator Checkout",TRUE,Size,Youth Small,CONFIGURATOR-VOLLEYBALL-SPANDEX-YOUTH-SMALL,453.59237,,,continue,manual,35.00,TRUE,TRUE,https://c3e270-bf.myshopify.com/cdn/shop/files/BESU_CUSTOMS_LOGO_03810b1c-fd52-48b7-bb07-96e4843b2df2.png?v=1758320790,1,Volleyball Shorts Spandex - Besu Customs,active
configurator-volleyball-spandex,,,Besu Customs,,,TRUE,Size,Youth Medium,CONFIGURATOR-VOLLEYBALL-SPANDEX-YOUTH-MEDIUM,453.59237,,,continue,manual,35.00,TRUE,TRUE,,,,active
configurator-volleyball-spandex,,,Besu Customs,,,TRUE,Size,Youth Large,CONFIGURATOR-VOLLEYBALL-SPANDEX-YOUTH-LARGE,453.59237,,,continue,manual,35.00,TRUE,TRUE,,,,active
configurator-volleyball-spandex,,,Besu Customs,,,TRUE,Size,Adult X-Small,CONFIGURATOR-VOLLEYBALL-SPANDEX-ADULT-X-SMALL,453.59237,,,continue,manual,35.00,TRUE,TRUE,,,,active
configurator-volleyball-spandex,,,Besu Customs,,,TRUE,Size,Adult Small,CONFIGURATOR-VOLLEYBALL-SPANDEX-ADULT-SMALL,453.59237,,,continue,manual,35.00,TRUE,TRUE,,,,active
configurator-volleyball-spandex,,,Besu Customs,,,TRUE,Size,Adult Medium,CONFIGURATOR-VOLLEYBALL-SPANDEX-ADULT-MEDIUM,453.59237,,,continue,manual,35.00,TRUE,TRUE,,,,active
configurator-volleyball-spandex,,,Besu Customs,,,TRUE,Size,Adult Large,CONFIGURATOR-VOLLEYBALL-SPANDEX-ADULT-LARGE,453.59237,,,continue,manual,35.00,TRUE,TRUE,,,,active
configurator-volleyball-spandex,,,Besu Customs,,,TRUE,Size,Adult X-Large,CONFIGURATOR-VOLLEYBALL-SPANDEX-ADULT-X-LARGE,453.59237,,,continue,manual,35.00,TRUE,TRUE,,,,active
configurator-volleyball-spandex,,,Besu Customs,,,TRUE,Size,Adult 2XL,CONFIGURATOR-VOLLEYBALL-SPANDEX-ADULT-2XL,453.59237,,,continue,manual,35.00,TRUE,TRUE,,,,active
configurator-volleyball-spandex,,,Besu Customs,,,TRUE,Size,Adult 3XL,CONFIGURATOR-VOLLEYBALL-SPANDEX-ADULT-3XL,453.59237,,,continue,manual,35.00,TRUE,TRUE,,,,active
configurator-volleyball-spandex-alt,Volleyball Spandex,<p>Custom Besu Customs Volleyball Spandex configured in the 3D configurator.</p>,Besu Customs,Volleyball Shorts,"Configurator, Volleyball, Custom Order, Made to Order, Configurator Checkout",TRUE,Size,Youth Small,CONFIGURATOR-VOLLEYBALL-SPANDEX-ALT-YOUTH-SMALL,453.59237,,,continue,manual,35.00,TRUE,TRUE,https://c3e270-bf.myshopify.com/cdn/shop/files/BESU_CUSTOMS_LOGO_03810b1c-fd52-48b7-bb07-96e4843b2df2.png?v=1758320790,1,Volleyball Spandex - Besu Customs,active
configurator-volleyball-spandex-alt,,,Besu Customs,,,TRUE,Size,Youth Medium,CONFIGURATOR-VOLLEYBALL-SPANDEX-ALT-YOUTH-MEDIUM,453.59237,,,continue,manual,35.00,TRUE,TRUE,,,,active
configurator-volleyball-spandex-alt,,,Besu Customs,,,TRUE,Size,Youth Large,CONFIGURATOR-VOLLEYBALL-SPANDEX-ALT-YOUTH-LARGE,453.59237,,,continue,manual,35.00,TRUE,TRUE,,,,active
configurator-volleyball-spandex-alt,,,Besu Customs,,,TRUE,Size,Adult X-Small,CONFIGURATOR-VOLLEYBALL-SPANDEX-ALT-ADULT-X-SMALL,453.59237,,,continue,manual,35.00,TRUE,TRUE,,,,active
configurator-volleyball-spandex-alt,,,Besu Customs,,,TRUE,Size,Adult Small,CONFIGURATOR-VOLLEYBALL-SPANDEX-ALT-ADULT-SMALL,453.59237,,,continue,manual,35.00,TRUE,TRUE,,,,active
configurator-volleyball-spandex-alt,,,Besu Customs,,,TRUE,Size,Adult Medium,CONFIGURATOR-VOLLEYBALL-SPANDEX-ALT-ADULT-MEDIUM,453.59237,,,continue,manual,35.00,TRUE,TRUE,,,,active
configurator-volleyball-spandex-alt,,,Besu Customs,,,TRUE,Size,Adult Large,CONFIGURATOR-VOLLEYBALL-SPANDEX-ALT-ADULT-LARGE,453.59237,,,continue,manual,35.00,TRUE,TRUE,,,,active
configurator-volleyball-spandex-alt,,,Besu Customs,,,TRUE,Size,Adult X-Large,CONFIGURATOR-VOLLEYBALL-SPANDEX-ALT-ADULT-X-LARGE,453.59237,,,continue,manual,35.00,TRUE,TRUE,,,,active
configurator-volleyball-spandex-alt,,,Besu Customs,,,TRUE,Size,Adult 2XL,CONFIGURATOR-VOLLEYBALL-SPANDEX-ALT-ADULT-2XL,453.59237,,,continue,manual,35.00,TRUE,TRUE,,,,active
configurator-volleyball-spandex-alt,,,Besu Customs,,,TRUE,Size,Adult 3XL,CONFIGURATOR-VOLLEYBALL-SPANDEX-ALT-ADULT-3XL,453.59237,,,continue,manual,35.00,TRUE,TRUE,,,,active
