Handle,Title,Body (HTML),Vendor,Product Category,Type,Tags,Published,Option1 Name,Option1 Value,Option1 Linked To,Option2 Name,Option2 Value,Option2 Linked To,Option3 Name,Option3 Value,Option3 Linked To,Variant SKU,Variant Grams,Variant Inventory Tracker,Variant Inventory Policy,Variant Inventory Qty,Variant Fulfillment Service,Variant Price,Variant Compare At Price,Variant Requires Shipping,Variant Taxable,Unit Price Total Measure,Unit Price Total Measure Unit,Unit Price Base Measure,Unit Price Base Measure Unit,Variant Barcode,Image Src,Image Position,Image Alt Text,Gift Card,SEO Title,SEO Description,Activity (product.metafields.shopify.activity),Age group (product.metafields.shopify.age-group),Color (product.metafields.shopify.color-pattern),Neckline (product.metafields.shopify.neckline),Size (product.metafields.shopify.size),Sleeve length type (product.metafields.shopify.sleeve-length-type),Target gender (product.metafields.shopify.target-gender),Top length type (product.metafields.shopify.top-length-type),Variant Image,Variant Weight Unit,Variant Tax Code,Cost per item,Included / United States,Price / United States,Compare At Price / United States,Included / International,Price / International,Compare At Price / International,Status
backpack,Backpack,<p>Custom Besu Customs Backpack configured in the 3D configurator.</p>,Besu Customs,,Bags,"Configurator, Bags, Custom Order, Made to Order",true,Title,Default Title,,,,,,,,BACKPACK-DEFAULT-TITLE,907.18474,shopify,continue,999,manual,50.00,,true,true,,,,,,,,,false,Backpack,Custom Besu Customs Backpack checkout item.,,,,,,,unisex,,,lb,,,true,,,true,,,active
baseball-caps,Baseball Caps,<p>Custom Besu Customs Baseball Caps configured in the 3D configurator.</p>,Besu Customs,,Caps,"Configurator, Caps, Custom Order, Made to Order",true,Title,Default Title,,,,,,,,BASEBALL-CAPS-DEFAULT-TITLE,226.796,shopify,continue,999,manual,20.00,,true,true,,,,,,,,,false,Baseball Caps,Custom Besu Customs Baseball Caps checkout item.,,,,,,,unisex,,,lb,,,true,,,true,,,active
baseball-jersey,Baseball Jersey,<p>Custom Besu Customs Baseball Jersey configured in the 3D configurator.</p>,Besu Customs,,Baseball Uniforms,"Configurator, Baseball, Custom Order, Made to Order",true,Size,Youth Small,product.metafields.shopify.size,,,,,,,BASEBALL-JERSEY-YOUTH-SMALL,453.59237,shopify,continue,999,manual,45.00,,true,true,,,,,,,,,false,Baseball Jersey,Custom Besu Customs Baseball Jersey checkout item.,,,,,youth-small; youth-medium; youth-large; adult-x-small; adult-small; adult-medium; adult-large; adult-x-large; adult-2xl; adult-3xl,,unisex,,,lb,,,true,,,true,,,active
baseball-jersey,,,,,,,,Size,Youth Medium,product.metafields.shopify.size,,,,,,,BASEBALL-JERSEY-YOUTH-MEDIUM,453.59237,shopify,continue,999,manual,45.00,,true,true,,,,,,,,,,,,,,,,,,,,,lb,,,true,,,true,,,
baseball-jersey,,,,,,,,Size,Youth Large,product.metafields.shopify.size,,,,,,,BASEBALL-JERSEY-YOUTH-LARGE,453.59237,shopify,continue,999,manual,45.00,,true,true,,,,,,,,,,,,,,,,,,,,,lb,,,true,,,true,,,
baseball-jersey,,,,,,,,Size,Adult X-Small,product.metafields.shopify.size,,,,,,,BASEBALL-JERSEY-ADULT-X-SMALL,453.59237,shopify,continue,999,manual,45.00,,true,true,,,,,,,,,,,,,,,,,,,,,lb,,,true,,,true,,,
baseball-jersey,,,,,,,,Size,Adult Small,product.metafields.shopify.size,,,,,,,BASEBALL-JERSEY-ADULT-SMALL,453.59237,shopify,continue,999,manual,45.00,,true,true,,,,,,,,,,,,,,,,,,,,,lb,,,true,,,true,,,
baseball-jersey,,,,,,,,Size,Adult Medium,product.metafields.shopify.size,,,,,,,BASEBALL-JERSEY-ADULT-MEDIUM,453.59237,shopify,continue,999,manual,45.00,,true,true,,,,,,,,,,,,,,,,,,,,,lb,,,true,,,true,,,
baseball-jersey,,,,,,,,Size,Adult Large,product.metafields.shopify.size,,,,,,,BASEBALL-JERSEY-ADULT-LARGE,453.59237,shopify,continue,999,manual,45.00,,true,true,,,,,,,,,,,,,,,,,,,,,lb,,,true,,,true,,,
baseball-jersey,,,,,,,,Size,Adult X-Large,product.metafields.shopify.size,,,,,,,BASEBALL-JERSEY-ADULT-X-LARGE,453.59237,shopify,continue,999,manual,45.00,,true,true,,,,,,,,,,,,,,,,,,,,,lb,,,true,,,true,,,
baseball-jersey,,,,,,,,Size,Adult 2XL,product.metafields.shopify.size,,,,,,,BASEBALL-JERSEY-ADULT-2XL,453.59237,shopify,continue,999,manual,45.00,,true,true,,,,,,,,,,,,,,,,,,,,,lb,,,true,,,true,,,
baseball-jersey,,,,,,,,Size,Adult 3XL,product.metafields.shopify.size,,,,,,,BASEBALL-JERSEY-ADULT-3XL,453.59237,shopify,continue,999,manual,45.00,,true,true,,,,,,,,,,,,,,,,,,,,,lb,,,true,,,true,,,
basketball-jersey,Basketball Jersey and Shorts,<p>Custom Besu Customs Basketball Jersey and Shorts configured in the 3D configurator.</p>,Besu Customs,,Basketball Uniforms,"Configurator, Jerseys, Custom Order, Made to Order",true,Size,Youth Small,product.metafields.shopify.size,,,,,,,BASKETBALL-JERSEY-YOUTH-SMALL,453.59237,shopify,continue,999,manual,49.00,,true,true,,,,,,,,,false,Basketball Jersey and Shorts,Custom Besu Customs Basketball Jersey and Shorts checkout item.,,,,,youth-small; youth-medium; youth-large; adult-x-small; adult-small; adult-medium; adult-large; adult-x-large; adult-2xl; adult-3xl,,unisex,,,lb,,,true,,,true,,,active
basketball-jersey,,,,,,,,Size,Youth Medium,product.metafields.shopify.size,,,,,,,BASKETBALL-JERSEY-YOUTH-MEDIUM,453.59237,shopify,continue,999,manual,49.00,,true,true,,,,,,,,,,,,,,,,,,,,,lb,,,true,,,true,,,
basketball-jersey,,,,,,,,Size,Youth Large,product.metafields.shopify.size,,,,,,,BASKETBALL-JERSEY-YOUTH-LARGE,453.59237,shopify,continue,999,manual,49.00,,true,true,,,,,,,,,,,,,,,,,,,,,lb,,,true,,,true,,,
basketball-jersey,,,,,,,,Size,Adult X-Small,product.metafields.shopify.size,,,,,,,BASKETBALL-JERSEY-ADULT-X-SMALL,453.59237,shopify,continue,999,manual,49.00,,true,true,,,,,,,,,,,,,,,,,,,,,lb,,,true,,,true,,,
basketball-jersey,,,,,,,,Size,Adult Small,product.metafields.shopify.size,,,,,,,BASKETBALL-JERSEY-ADULT-SMALL,453.59237,shopify,continue,999,manual,49.00,,true,true,,,,,,,,,,,,,,,,,,,,,lb,,,true,,,true,,,
basketball-jersey,,,,,,,,Size,Adult Medium,product.metafields.shopify.size,,,,,,,BASKETBALL-JERSEY-ADULT-MEDIUM,453.59237,shopify,continue,999,manual,49.00,,true,true,,,,,,,,,,,,,,,,,,,,,lb,,,true,,,true,,,
basketball-jersey,,,,,,,,Size,Adult Large,product.metafields.shopify.size,,,,,,,BASKETBALL-JERSEY-ADULT-LARGE,453.59237,shopify,continue,999,manual,49.00,,true,true,,,,,,,,,,,,,,,,,,,,,lb,,,true,,,true,,,
basketball-jersey,,,,,,,,Size,Adult X-Large,product.metafields.shopify.size,,,,,,,BASKETBALL-JERSEY-ADULT-X-LARGE,453.59237,shopify,continue,999,manual,49.00,,true,true,,,,,,,,,,,,,,,,,,,,,lb,,,true,,,true,,,
basketball-jersey,,,,,,,,Size,Adult 2XL,product.metafields.shopify.size,,,,,,,BASKETBALL-JERSEY-ADULT-2XL,453.59237,shopify,continue,999,manual,49.00,,true,true,,,,,,,,,,,,,,,,,,,,,lb,,,true,,,true,,,
basketball-jersey,,,,,,,,Size,Adult 3XL,product.metafields.shopify.size,,,,,,,BASKETBALL-JERSEY-ADULT-3XL,453.59237,shopify,continue,999,manual,49.00,,true,true,,,,,,,,,,,,,,,,,,,,,lb,,,true,,,true,,,
basketball-top-long,Basketball Jersey Top And Long Shorts,<p>Custom Besu Customs Basketball Jersey Top And Long Shorts configured in the 3D configurator.</p>,Besu Customs,,Basketball Uniforms,"Configurator, Jerseys, Custom Order, Made to Order",true,Size,Youth Small,product.metafields.shopify.size,,,,,,,BASKETBALL-TOP-LONG-YOUTH-SMALL,453.59237,shopify,continue,999,manual,49.00,,true,true,,,,,,,,,false,Basketball Jersey Top And Long Shorts,Custom Besu Customs Basketball Jersey Top And Long Shorts checkout item.,,,,,youth-small; youth-medium; youth-large; adult-x-small; adult-small; adult-medium; adult-large; adult-x-large; adult-2xl; adult-3xl,,unisex,,,lb,,,true,,,true,,,active
basketball-top-long,,,,,,,,Size,Youth Medium,product.metafields.shopify.size,,,,,,,BASKETBALL-TOP-LONG-YOUTH-MEDIUM,453.59237,shopify,continue,999,manual,49.00,,true,true,,,,,,,,,,,,,,,,,,,,,lb,,,true,,,true,,,
basketball-top-long,,,,,,,,Size,Youth Large,product.metafields.shopify.size,,,,,,,BASKETBALL-TOP-LONG-YOUTH-LARGE,453.59237,shopify,continue,999,manual,49.00,,true,true,,,,,,,,,,,,,,,,,,,,,lb,,,true,,,true,,,
basketball-top-long,,,,,,,,Size,Adult X-Small,product.metafields.shopify.size,,,,,,,BASKETBALL-TOP-LONG-ADULT-X-SMALL,453.59237,shopify,continue,999,manual,49.00,,true,true,,,,,,,,,,,,,,,,,,,,,lb,,,true,,,true,,,
basketball-top-long,,,,,,,,Size,Adult Small,product.metafields.shopify.size,,,,,,,BASKETBALL-TOP-LONG-ADULT-SMALL,453.59237,shopify,continue,999,manual,49.00,,true,true,,,,,,,,,,,,,,,,,,,,,lb,,,true,,,true,,,
basketball-top-long,,,,,,,,Size,Adult Medium,product.metafields.shopify.size,,,,,,,BASKETBALL-TOP-LONG-ADULT-MEDIUM,453.59237,shopify,continue,999,manual,49.00,,true,true,,,,,,,,,,,,,,,,,,,,,lb,,,true,,,true,,,
basketball-top-long,,,,,,,,Size,Adult Large,product.metafields.shopify.size,,,,,,,BASKETBALL-TOP-LONG-ADULT-LARGE,453.59237,shopify,continue,999,manual,49.00,,true,true,,,,,,,,,,,,,,,,,,,,,lb,,,true,,,true,,,
basketball-top-long,,,,,,,,Size,Adult X-Large,product.metafields.shopify.size,,,,,,,BASKETBALL-TOP-LONG-ADULT-X-LARGE,453.59237,shopify,continue,999,manual,49.00,,true,true,,,,,,,,,,,,,,,,,,,,,lb,,,true,,,true,,,
basketball-top-long,,,,,,,,Size,Adult 2XL,product.metafields.shopify.size,,,,,,,BASKETBALL-TOP-LONG-ADULT-2XL,453.59237,shopify,continue,999,manual,49.00,,true,true,,,,,,,,,,,,,,,,,,,,,lb,,,true,,,true,,,
basketball-top-long,,,,,,,,Size,Adult 3XL,product.metafields.shopify.size,,,,,,,BASKETBALL-TOP-LONG-ADULT-3XL,453.59237,shopify,continue,999,manual,49.00,,true,true,,,,,,,,,,,,,,,,,,,,,lb,,,true,,,true,,,
basketball-shirt-long,Basketball Shooting Shirt Long Sleeve,<p>Custom Besu Customs Basketball Shooting Shirt Long Sleeve configured in the 3D configurator.</p>,Besu Customs,,Basketball Shooting Shirts,"Configurator, Jerseys, Custom Order, Made to Order",true,Size,Youth Small,product.metafields.shopify.size,,,,,,,BASKETBALL-SHIRT-LONG-YOUTH-SMALL,453.59237,shopify,continue,999,manual,35.00,,true,true,,,,,,,,,false,Basketball Shooting Shirt Long Sleeve,Custom Besu Customs Basketball Shooting Shirt Long Sleeve checkout item.,,,,,youth-small; youth-medium; youth-large; adult-x-small; adult-small; adult-medium; adult-large; adult-x-large; adult-2xl; adult-3xl,,unisex,,,lb,,,true,,,true,,,active
basketball-shirt-long,,,,,,,,Size,Youth Medium,product.metafields.shopify.size,,,,,,,BASKETBALL-SHIRT-LONG-YOUTH-MEDIUM,453.59237,shopify,continue,999,manual,35.00,,true,true,,,,,,,,,,,,,,,,,,,,,lb,,,true,,,true,,,
basketball-shirt-long,,,,,,,,Size,Youth Large,product.metafields.shopify.size,,,,,,,BASKETBALL-SHIRT-LONG-YOUTH-LARGE,453.59237,shopify,continue,999,manual,35.00,,true,true,,,,,,,,,,,,,,,,,,,,,lb,,,true,,,true,,,
basketball-shirt-long,,,,,,,,Size,Adult X-Small,product.metafields.shopify.size,,,,,,,BASKETBALL-SHIRT-LONG-ADULT-X-SMALL,453.59237,shopify,continue,999,manual,35.00,,true,true,,,,,,,,,,,,,,,,,,,,,lb,,,true,,,true,,,
basketball-shirt-long,,,,,,,,Size,Adult Small,product.metafields.shopify.size,,,,,,,BASKETBALL-SHIRT-LONG-ADULT-SMALL,453.59237,shopify,continue,999,manual,35.00,,true,true,,,,,,,,,,,,,,,,,,,,,lb,,,true,,,true,,,
basketball-shirt-long,,,,,,,,Size,Adult Medium,product.metafields.shopify.size,,,,,,,BASKETBALL-SHIRT-LONG-ADULT-MEDIUM,453.59237,shopify,continue,999,manual,35.00,,true,true,,,,,,,,,,,,,,,,,,,,,lb,,,true,,,true,,,
basketball-shirt-long,,,,,,,,Size,Adult Large,product.metafields.shopify.size,,,,,,,BASKETBALL-SHIRT-LONG-ADULT-LARGE,453.59237,shopify,continue,999,manual,35.00,,true,true,,,,,,,,,,,,,,,,,,,,,lb,,,true,,,true,,,
basketball-shirt-long,,,,,,,,Size,Adult X-Large,product.metafields.shopify.size,,,,,,,BASKETBALL-SHIRT-LONG-ADULT-X-LARGE,453.59237,shopify,continue,999,manual,35.00,,true,true,,,,,,,,,,,,,,,,,,,,,lb,,,true,,,true,,,
basketball-shirt-long,,,,,,,,Size,Adult 2XL,product.metafields.shopify.size,,,,,,,BASKETBALL-SHIRT-LONG-ADULT-2XL,453.59237,shopify,continue,999,manual,35.00,,true,true,,,,,,,,,,,,,,,,,,,,,lb,,,true,,,true,,,
basketball-shirt-long,,,,,,,,Size,Adult 3XL,product.metafields.shopify.size,,,,,,,BASKETBALL-SHIRT-LONG-ADULT-3XL,453.59237,shopify,continue,999,manual,35.00,,true,true,,,,,,,,,,,,,,,,,,,,,lb,,,true,,,true,,,
basketball-shirt-hoodie,Basketball Shooting Shirt with Hoodie,<p>Custom Besu Customs Basketball Shooting Shirt with Hoodie configured in the 3D configurator.</p>,Besu Customs,,Basketball Shooting Shirts,"Configurator, Jerseys, Custom Order, Made to Order",true,Size,Youth Small,product.metafields.shopify.size,,,,,,,BASKETBALL-SHIRT-HOODIE-YOUTH-SMALL,453.59237,shopify,continue,999,manual,35.00,,true,true,,,,,,,,,false,Basketball Shooting Shirt with Hoodie,Custom Besu Customs Basketball Shooting Shirt with Hoodie checkout item.,,,,,youth-small; youth-medium; youth-large; adult-x-small; adult-small; adult-medium; adult-large; adult-x-large; adult-2xl; adult-3xl,,unisex,,,lb,,,true,,,true,,,active
basketball-shirt-hoodie,,,,,,,,Size,Youth Medium,product.metafields.shopify.size,,,,,,,BASKETBALL-SHIRT-HOODIE-YOUTH-MEDIUM,453.59237,shopify,continue,999,manual,35.00,,true,true,,,,,,,,,,,,,,,,,,,,,lb,,,true,,,true,,,
basketball-shirt-hoodie,,,,,,,,Size,Youth Large,product.metafields.shopify.size,,,,,,,BASKETBALL-SHIRT-HOODIE-YOUTH-LARGE,453.59237,shopify,continue,999,manual,35.00,,true,true,,,,,,,,,,,,,,,,,,,,,lb,,,true,,,true,,,
basketball-shirt-hoodie,,,,,,,,Size,Adult X-Small,product.metafields.shopify.size,,,,,,,BASKETBALL-SHIRT-HOODIE-ADULT-X-SMALL,453.59237,shopify,continue,999,manual,35.00,,true,true,,,,,,,,,,,,,,,,,,,,,lb,,,true,,,true,,,
basketball-shirt-hoodie,,,,,,,,Size,Adult Small,product.metafields.shopify.size,,,,,,,BASKETBALL-SHIRT-HOODIE-ADULT-SMALL,453.59237,shopify,continue,999,manual,35.00,,true,true,,,,,,,,,,,,,,,,,,,,,lb,,,true,,,true,,,
basketball-shirt-hoodie,,,,,,,,Size,Adult Medium,product.metafields.shopify.size,,,,,,,BASKETBALL-SHIRT-HOODIE-ADULT-MEDIUM,453.59237,shopify,continue,999,manual,35.00,,true,true,,,,,,,,,,,,,,,,,,,,,lb,,,true,,,true,,,
basketball-shirt-hoodie,,,,,,,,Size,Adult Large,product.metafields.shopify.size,,,,,,,BASKETBALL-SHIRT-HOODIE-ADULT-LARGE,453.59237,shopify,continue,999,manual,35.00,,true,true,,,,,,,,,,,,,,,,,,,,,lb,,,true,,,true,,,
basketball-shirt-hoodie,,,,,,,,Size,Adult X-Large,product.metafields.shopify.size,,,,,,,BASKETBALL-SHIRT-HOODIE-ADULT-X-LARGE,453.59237,shopify,continue,999,manual,35.00,,true,true,,,,,,,,,,,,,,,,,,,,,lb,,,true,,,true,,,
basketball-shirt-hoodie,,,,,,,,Size,Adult 2XL,product.metafields.shopify.size,,,,,,,BASKETBALL-SHIRT-HOODIE-ADULT-2XL,453.59237,shopify,continue,999,manual,35.00,,true,true,,,,,,,,,,,,,,,,,,,,,lb,,,true,,,true,,,
basketball-shirt-hoodie,,,,,,,,Size,Adult 3XL,product.metafields.shopify.size,,,,,,,BASKETBALL-SHIRT-HOODIE-ADULT-3XL,453.59237,shopify,continue,999,manual,35.00,,true,true,,,,,,,,,,,,,,,,,,,,,lb,,,true,,,true,,,
basketball-shirt-short,Basketball Shooting Shirt Short Sleeve,<p>Custom Besu Customs Basketball Shooting Shirt Short Sleeve configured in the 3D configurator.</p>,Besu Customs,,Basketball Shooting Shirts,"Configurator, Jerseys, Custom Order, Made to Order",true,Size,Youth Small,product.metafields.shopify.size,,,,,,,BASKETBALL-SHIRT-SHORT-YOUTH-SMALL,453.59237,shopify,continue,999,manual,35.00,,true,true,,,,,,,,,false,Basketball Shooting Shirt Short Sleeve,Custom Besu Customs Basketball Shooting Shirt Short Sleeve checkout item.,,,,,youth-small; youth-medium; youth-large; adult-x-small; adult-small; adult-medium; adult-large; adult-x-large; adult-2xl; adult-3xl,,unisex,,,lb,,,true,,,true,,,active
basketball-shirt-short,,,,,,,,Size,Youth Medium,product.metafields.shopify.size,,,,,,,BASKETBALL-SHIRT-SHORT-YOUTH-MEDIUM,453.59237,shopify,continue,999,manual,35.00,,true,true,,,,,,,,,,,,,,,,,,,,,lb,,,true,,,true,,,
basketball-shirt-short,,,,,,,,Size,Youth Large,product.metafields.shopify.size,,,,,,,BASKETBALL-SHIRT-SHORT-YOUTH-LARGE,453.59237,shopify,continue,999,manual,35.00,,true,true,,,,,,,,,,,,,,,,,,,,,lb,,,true,,,true,,,
basketball-shirt-short,,,,,,,,Size,Adult X-Small,product.metafields.shopify.size,,,,,,,BASKETBALL-SHIRT-SHORT-ADULT-X-SMALL,453.59237,shopify,continue,999,manual,35.00,,true,true,,,,,,,,,,,,,,,,,,,,,lb,,,true,,,true,,,
basketball-shirt-short,,,,,,,,Size,Adult Small,product.metafields.shopify.size,,,,,,,BASKETBALL-SHIRT-SHORT-ADULT-SMALL,453.59237,shopify,continue,999,manual,35.00,,true,true,,,,,,,,,,,,,,,,,,,,,lb,,,true,,,true,,,
basketball-shirt-short,,,,,,,,Size,Adult Medium,product.metafields.shopify.size,,,,,,,BASKETBALL-SHIRT-SHORT-ADULT-MEDIUM,453.59237,shopify,continue,999,manual,35.00,,true,true,,,,,,,,,,,,,,,,,,,,,lb,,,true,,,true,,,
basketball-shirt-short,,,,,,,,Size,Adult Large,product.metafields.shopify.size,,,,,,,BASKETBALL-SHIRT-SHORT-ADULT-LARGE,453.59237,shopify,continue,999,manual,35.00,,true,true,,,,,,,,,,,,,,,,,,,,,lb,,,true,,,true,,,
basketball-shirt-short,,,,,,,,Size,Adult X-Large,product.metafields.shopify.size,,,,,,,BASKETBALL-SHIRT-SHORT-ADULT-X-LARGE,453.59237,shopify,continue,999,manual,35.00,,true,true,,,,,,,,,,,,,,,,,,,,,lb,,,true,,,true,,,
basketball-shirt-short,,,,,,,,Size,Adult 2XL,product.metafields.shopify.size,,,,,,,BASKETBALL-SHIRT-SHORT-ADULT-2XL,453.59237,shopify,continue,999,manual,35.00,,true,true,,,,,,,,,,,,,,,,,,,,,lb,,,true,,,true,,,
basketball-shirt-short,,,,,,,,Size,Adult 3XL,product.metafields.shopify.size,,,,,,,BASKETBALL-SHIRT-SHORT-ADULT-3XL,453.59237,shopify,continue,999,manual,35.00,,true,true,,,,,,,,,,,,,,,,,,,,,lb,,,true,,,true,,,
duffle-bag,Duffle Bag,<p>Custom Besu Customs Duffle Bag configured in the 3D configurator.</p>,Besu Customs,,Sports Bags,"Configurator, Bags, Custom Order, Made to Order",true,Title,Default Title,,,,,,,,DUFFLE-BAG-DEFAULT-TITLE,907.18474,shopify,continue,999,manual,65.00,,true,true,,,,,,,,,false,Duffle Bag,Custom Besu Customs Duffle Bag checkout item.,,,,,,,unisex,,,lb,,,true,,,true,,,active
flag-football-hoodie,Flag Football Jersey with Hoodie,<p>Custom Besu Customs Flag Football Jersey with Hoodie configured in the 3D configurator.</p>,Besu Customs,,Football Uniforms,"Configurator, Hoodies, Custom Order, Made to Order",true,Size,Youth Small,product.metafields.shopify.size,,,,,,,FLAG-FOOTBALL-HOODIE-YOUTH-SMALL,453.59237,shopify,continue,999,manual,35.00,,true,true,,,,,,,,,false,Flag Football Jersey with Hoodie,Custom Besu Customs Flag Football Jersey with Hoodie checkout item.,,,,,youth-small; youth-medium; youth-large; adult-x-small; adult-small; adult-medium; adult-large; adult-x-large; adult-2xl; adult-3xl,,unisex,,,lb,,,true,,,true,,,active
flag-football-hoodie,,,,,,,,Size,Youth Medium,product.metafields.shopify.size,,,,,,,FLAG-FOOTBALL-HOODIE-YOUTH-MEDIUM,453.59237,shopify,continue,999,manual,35.00,,true,true,,,,,,,,,,,,,,,,,,,,,lb,,,true,,,true,,,
flag-football-hoodie,,,,,,,,Size,Youth Large,product.metafields.shopify.size,,,,,,,FLAG-FOOTBALL-HOODIE-YOUTH-LARGE,453.59237,shopify,continue,999,manual,35.00,,true,true,,,,,,,,,,,,,,,,,,,,,lb,,,true,,,true,,,
flag-football-hoodie,,,,,,,,Size,Adult X-Small,product.metafields.shopify.size,,,,,,,FLAG-FOOTBALL-HOODIE-ADULT-X-SMALL,453.59237,shopify,continue,999,manual,35.00,,true,true,,,,,,,,,,,,,,,,,,,,,lb,,,true,,,true,,,
flag-football-hoodie,,,,,,,,Size,Adult Small,product.metafields.shopify.size,,,,,,,FLAG-FOOTBALL-HOODIE-ADULT-SMALL,453.59237,shopify,continue,999,manual,35.00,,true,true,,,,,,,,,,,,,,,,,,,,,lb,,,true,,,true,,,
flag-football-hoodie,,,,,,,,Size,Adult Medium,product.metafields.shopify.size,,,,,,,FLAG-FOOTBALL-HOODIE-ADULT-MEDIUM,453.59237,shopify,continue,999,manual,35.00,,true,true,,,,,,,,,,,,,,,,,,,,,lb,,,true,,,true,,,
flag-football-hoodie,,,,,,,,Size,Adult Large,product.metafields.shopify.size,,,,,,,FLAG-FOOTBALL-HOODIE-ADULT-LARGE,453.59237,shopify,continue,999,manual,35.00,,true,true,,,,,,,,,,,,,,,,,,,,,lb,,,true,,,true,,,
flag-football-hoodie,,,,,,,,Size,Adult X-Large,product.metafields.shopify.size,,,,,,,FLAG-FOOTBALL-HOODIE-ADULT-X-LARGE,453.59237,shopify,continue,999,manual,35.00,,true,true,,,,,,,,,,,,,,,,,,,,,lb,,,true,,,true,,,
flag-football-hoodie,,,,,,,,Size,Adult 2XL,product.metafields.shopify.size,,,,,,,FLAG-FOOTBALL-HOODIE-ADULT-2XL,453.59237,shopify,continue,999,manual,35.00,,true,true,,,,,,,,,,,,,,,,,,,,,lb,,,true,,,true,,,
flag-football-hoodie,,,,,,,,Size,Adult 3XL,product.metafields.shopify.size,,,,,,,FLAG-FOOTBALL-HOODIE-ADULT-3XL,453.59237,shopify,continue,999,manual,35.00,,true,true,,,,,,,,,,,,,,,,,,,,,lb,,,true,,,true,,,
half-short,Half Size Shorts,<p>Custom Besu Customs Half Size Shorts configured in the 3D configurator.</p>,Besu Customs,,Shorts,"Configurator, Shorts, Custom Order, Made to Order",true,Size,Youth Small,product.metafields.shopify.size,,,,,,,HALF-SHORT-YOUTH-SMALL,453.59237,shopify,continue,999,manual,30.00,,true,true,,,,,,,,,false,Half Size Shorts,Custom Besu Customs Half Size Shorts checkout item.,,,,,youth-small; youth-medium; youth-large; adult-x-small; adult-small; adult-medium; adult-large; adult-x-large; adult-2xl; adult-3xl,,unisex,,,lb,,,true,,,true,,,active
half-short,,,,,,,,Size,Youth Medium,product.metafields.shopify.size,,,,,,,HALF-SHORT-YOUTH-MEDIUM,453.59237,shopify,continue,999,manual,30.00,,true,true,,,,,,,,,,,,,,,,,,,,,lb,,,true,,,true,,,
half-short,,,,,,,,Size,Youth Large,product.metafields.shopify.size,,,,,,,HALF-SHORT-YOUTH-LARGE,453.59237,shopify,continue,999,manual,30.00,,true,true,,,,,,,,,,,,,,,,,,,,,lb,,,true,,,true,,,
half-short,,,,,,,,Size,Adult X-Small,product.metafields.shopify.size,,,,,,,HALF-SHORT-ADULT-X-SMALL,453.59237,shopify,continue,999,manual,30.00,,true,true,,,,,,,,,,,,,,,,,,,,,lb,,,true,,,true,,,
half-short,,,,,,,,Size,Adult Small,product.metafields.shopify.size,,,,,,,HALF-SHORT-ADULT-SMALL,453.59237,shopify,continue,999,manual,30.00,,true,true,,,,,,,,,,,,,,,,,,,,,lb,,,true,,,true,,,
half-short,,,,,,,,Size,Adult Medium,product.metafields.shopify.size,,,,,,,HALF-SHORT-ADULT-MEDIUM,453.59237,shopify,continue,999,manual,30.00,,true,true,,,,,,,,,,,,,,,,,,,,,lb,,,true,,,true,,,
half-short,,,,,,,,Size,Adult Large,product.metafields.shopify.size,,,,,,,HALF-SHORT-ADULT-LARGE,453.59237,shopify,continue,999,manual,30.00,,true,true,,,,,,,,,,,,,,,,,,,,,lb,,,true,,,true,,,
half-short,,,,,,,,Size,Adult X-Large,product.metafields.shopify.size,,,,,,,HALF-SHORT-ADULT-X-LARGE,453.59237,shopify,continue,999,manual,30.00,,true,true,,,,,,,,,,,,,,,,,,,,,lb,,,true,,,true,,,
half-short,,,,,,,,Size,Adult 2XL,product.metafields.shopify.size,,,,,,,HALF-SHORT-ADULT-2XL,453.59237,shopify,continue,999,manual,30.00,,true,true,,,,,,,,,,,,,,,,,,,,,lb,,,true,,,true,,,
half-short,,,,,,,,Size,Adult 3XL,product.metafields.shopify.size,,,,,,,HALF-SHORT-ADULT-3XL,453.59237,shopify,continue,999,manual,30.00,,true,true,,,,,,,,,,,,,,,,,,,,,lb,,,true,,,true,,,
hoodie,Hoodie,<p>Custom Besu Customs Hoodie configured in the 3D configurator.</p>,Besu Customs,,Hoodies,"Configurator, Hoodies, Custom Order, Made to Order",true,Size,Youth Small,product.metafields.shopify.size,,,,,,,HOODIE-YOUTH-SMALL,453.59237,shopify,continue,999,manual,45.00,,true,true,,,,,,,,,false,Hoodie,Custom Besu Customs Hoodie checkout item.,,,,,youth-small; youth-medium; youth-large; adult-x-small; adult-small; adult-medium; adult-large; adult-x-large; adult-2xl; adult-3xl,,unisex,,,lb,,,true,,,true,,,active
hoodie,,,,,,,,Size,Youth Medium,product.metafields.shopify.size,,,,,,,HOODIE-YOUTH-MEDIUM,453.59237,shopify,continue,999,manual,45.00,,true,true,,,,,,,,,,,,,,,,,,,,,lb,,,true,,,true,,,
hoodie,,,,,,,,Size,Youth Large,product.metafields.shopify.size,,,,,,,HOODIE-YOUTH-LARGE,453.59237,shopify,continue,999,manual,45.00,,true,true,,,,,,,,,,,,,,,,,,,,,lb,,,true,,,true,,,
hoodie,,,,,,,,Size,Adult X-Small,product.metafields.shopify.size,,,,,,,HOODIE-ADULT-X-SMALL,453.59237,shopify,continue,999,manual,45.00,,true,true,,,,,,,,,,,,,,,,,,,,,lb,,,true,,,true,,,
hoodie,,,,,,,,Size,Adult Small,product.metafields.shopify.size,,,,,,,HOODIE-ADULT-SMALL,453.59237,shopify,continue,999,manual,45.00,,true,true,,,,,,,,,,,,,,,,,,,,,lb,,,true,,,true,,,
hoodie,,,,,,,,Size,Adult Medium,product.metafields.shopify.size,,,,,,,HOODIE-ADULT-MEDIUM,453.59237,shopify,continue,999,manual,45.00,,true,true,,,,,,,,,,,,,,,,,,,,,lb,,,true,,,true,,,
hoodie,,,,,,,,Size,Adult Large,product.metafields.shopify.size,,,,,,,HOODIE-ADULT-LARGE,453.59237,shopify,continue,999,manual,45.00,,true,true,,,,,,,,,,,,,,,,,,,,,lb,,,true,,,true,,,
hoodie,,,,,,,,Size,Adult X-Large,product.metafields.shopify.size,,,,,,,HOODIE-ADULT-X-LARGE,453.59237,shopify,continue,999,manual,45.00,,true,true,,,,,,,,,,,,,,,,,,,,,lb,,,true,,,true,,,
hoodie,,,,,,,,Size,Adult 2XL,product.metafields.shopify.size,,,,,,,HOODIE-ADULT-2XL,453.59237,shopify,continue,999,manual,45.00,,true,true,,,,,,,,,,,,,,,,,,,,,lb,,,true,,,true,,,
hoodie,,,,,,,,Size,Adult 3XL,product.metafields.shopify.size,,,,,,,HOODIE-ADULT-3XL,453.59237,shopify,continue,999,manual,45.00,,true,true,,,,,,,,,,,,,,,,,,,,,lb,,,true,,,true,,,
long-pants,Long Pants,<p>Custom Besu Customs Long Pants configured in the 3D configurator.</p>,Besu Customs,,Pants,"Configurator, Shorts, Custom Order, Made to Order",true,Size,Youth Small,product.metafields.shopify.size,,,,,,,LONG-PANTS-YOUTH-SMALL,453.59237,shopify,continue,999,manual,45.00,,true,true,,,,,,,,,false,Long Pants,Custom Besu Customs Long Pants checkout item.,,,,,youth-small; youth-medium; youth-large; adult-x-small; adult-small; adult-medium; adult-large; adult-x-large; adult-2xl; adult-3xl,,unisex,,,lb,,,true,,,true,,,active
long-pants,,,,,,,,Size,Youth Medium,product.metafields.shopify.size,,,,,,,LONG-PANTS-YOUTH-MEDIUM,453.59237,shopify,continue,999,manual,45.00,,true,true,,,,,,,,,,,,,,,,,,,,,lb,,,true,,,true,,,
long-pants,,,,,,,,Size,Youth Large,product.metafields.shopify.size,,,,,,,LONG-PANTS-YOUTH-LARGE,453.59237,shopify,continue,999,manual,45.00,,true,true,,,,,,,,,,,,,,,,,,,,,lb,,,true,,,true,,,
long-pants,,,,,,,,Size,Adult X-Small,product.metafields.shopify.size,,,,,,,LONG-PANTS-ADULT-X-SMALL,453.59237,shopify,continue,999,manual,45.00,,true,true,,,,,,,,,,,,,,,,,,,,,lb,,,true,,,true,,,
long-pants,,,,,,,,Size,Adult Small,product.metafields.shopify.size,,,,,,,LONG-PANTS-ADULT-SMALL,453.59237,shopify,continue,999,manual,45.00,,true,true,,,,,,,,,,,,,,,,,,,,,lb,,,true,,,true,,,
long-pants,,,,,,,,Size,Adult Medium,product.metafields.shopify.size,,,,,,,LONG-PANTS-ADULT-MEDIUM,453.59237,shopify,continue,999,manual,45.00,,true,true,,,,,,,,,,,,,,,,,,,,,lb,,,true,,,true,,,
long-pants,,,,,,,,Size,Adult Large,product.metafields.shopify.size,,,,,,,LONG-PANTS-ADULT-LARGE,453.59237,shopify,continue,999,manual,45.00,,true,true,,,,,,,,,,,,,,,,,,,,,lb,,,true,,,true,,,
long-pants,,,,,,,,Size,Adult X-Large,product.metafields.shopify.size,,,,,,,LONG-PANTS-ADULT-X-LARGE,453.59237,shopify,continue,999,manual,45.00,,true,true,,,,,,,,,,,,,,,,,,,,,lb,,,true,,,true,,,
long-pants,,,,,,,,Size,Adult 2XL,product.metafields.shopify.size,,,,,,,LONG-PANTS-ADULT-2XL,453.59237,shopify,continue,999,manual,45.00,,true,true,,,,,,,,,,,,,,,,,,,,,lb,,,true,,,true,,,
long-pants,,,,,,,,Size,Adult 3XL,product.metafields.shopify.size,,,,,,,LONG-PANTS-ADULT-3XL,453.59237,shopify,continue,999,manual,45.00,,true,true,,,,,,,,,,,,,,,,,,,,,lb,,,true,,,true,,,
polo-long,Polo Shirts Long Sleeve,<p>Custom Besu Customs Polo Shirts Long Sleeve configured in the 3D configurator.</p>,Besu Customs,,Polos,"Configurator, Polos, Custom Order, Made to Order",true,Size,Youth Small,product.metafields.shopify.size,,,,,,,POLO-LONG-YOUTH-SMALL,453.59237,shopify,continue,999,manual,35.00,,true,true,,,,,,,,,false,Polo Shirts Long Sleeve,Custom Besu Customs Polo Shirts Long Sleeve checkout item.,,,,,youth-small; youth-medium; youth-large; adult-x-small; adult-small; adult-medium; adult-large; adult-x-large; adult-2xl; adult-3xl,,unisex,,,lb,,,true,,,true,,,active
polo-long,,,,,,,,Size,Youth Medium,product.metafields.shopify.size,,,,,,,POLO-LONG-YOUTH-MEDIUM,453.59237,shopify,continue,999,manual,35.00,,true,true,,,,,,,,,,,,,,,,,,,,,lb,,,true,,,true,,,
polo-long,,,,,,,,Size,Youth Large,product.metafields.shopify.size,,,,,,,POLO-LONG-YOUTH-LARGE,453.59237,shopify,continue,999,manual,35.00,,true,true,,,,,,,,,,,,,,,,,,,,,lb,,,true,,,true,,,
polo-long,,,,,,,,Size,Adult X-Small,product.metafields.shopify.size,,,,,,,POLO-LONG-ADULT-X-SMALL,453.59237,shopify,continue,999,manual,35.00,,true,true,,,,,,,,,,,,,,,,,,,,,lb,,,true,,,true,,,
polo-long,,,,,,,,Size,Adult Small,product.metafields.shopify.size,,,,,,,POLO-LONG-ADULT-SMALL,453.59237,shopify,continue,999,manual,35.00,,true,true,,,,,,,,,,,,,,,,,,,,,lb,,,true,,,true,,,
polo-long,,,,,,,,Size,Adult Medium,product.metafields.shopify.size,,,,,,,POLO-LONG-ADULT-MEDIUM,453.59237,shopify,continue,999,manual,35.00,,true,true,,,,,,,,,,,,,,,,,,,,,lb,,,true,,,true,,,
polo-long,,,,,,,,Size,Adult Large,product.metafields.shopify.size,,,,,,,POLO-LONG-ADULT-LARGE,453.59237,shopify,continue,999,manual,35.00,,true,true,,,,,,,,,,,,,,,,,,,,,lb,,,true,,,true,,,
polo-long,,,,,,,,Size,Adult X-Large,product.metafields.shopify.size,,,,,,,POLO-LONG-ADULT-X-LARGE,453.59237,shopify,continue,999,manual,35.00,,true,true,,,,,,,,,,,,,,,,,,,,,lb,,,true,,,true,,,
polo-long,,,,,,,,Size,Adult 2XL,product.metafields.shopify.size,,,,,,,POLO-LONG-ADULT-2XL,453.59237,shopify,continue,999,manual,35.00,,true,true,,,,,,,,,,,,,,,,,,,,,lb,,,true,,,true,,,
polo-long,,,,,,,,Size,Adult 3XL,product.metafields.shopify.size,,,,,,,POLO-LONG-ADULT-3XL,453.59237,shopify,continue,999,manual,35.00,,true,true,,,,,,,,,,,,,,,,,,,,,lb,,,true,,,true,,,
polo-short,Polo Shirts Short Sleeve,<p>Custom Besu Customs Polo Shirts Short Sleeve configured in the 3D configurator.</p>,Besu Customs,,Polos,"Configurator, Polos, Custom Order, Made to Order",true,Size,Youth Small,product.metafields.shopify.size,,,,,,,POLO-SHORT-YOUTH-SMALL,453.59237,shopify,continue,999,manual,35.00,,true,true,,,,,,,,,false,Polo Shirts Short Sleeve,Custom Besu Customs Polo Shirts Short Sleeve checkout item.,,,,,youth-small; youth-medium; youth-large; adult-x-small; adult-small; adult-medium; adult-large; adult-x-large; adult-2xl; adult-3xl,,unisex,,,lb,,,true,,,true,,,active
polo-short,,,,,,,,Size,Youth Medium,product.metafields.shopify.size,,,,,,,POLO-SHORT-YOUTH-MEDIUM,453.59237,shopify,continue,999,manual,35.00,,true,true,,,,,,,,,,,,,,,,,,,,,lb,,,true,,,true,,,
polo-short,,,,,,,,Size,Youth Large,product.metafields.shopify.size,,,,,,,POLO-SHORT-YOUTH-LARGE,453.59237,shopify,continue,999,manual,35.00,,true,true,,,,,,,,,,,,,,,,,,,,,lb,,,true,,,true,,,
polo-short,,,,,,,,Size,Adult X-Small,product.metafields.shopify.size,,,,,,,POLO-SHORT-ADULT-X-SMALL,453.59237,shopify,continue,999,manual,35.00,,true,true,,,,,,,,,,,,,,,,,,,,,lb,,,true,,,true,,,
polo-short,,,,,,,,Size,Adult Small,product.metafields.shopify.size,,,,,,,POLO-SHORT-ADULT-SMALL,453.59237,shopify,continue,999,manual,35.00,,true,true,,,,,,,,,,,,,,,,,,,,,lb,,,true,,,true,,,
polo-short,,,,,,,,Size,Adult Medium,product.metafields.shopify.size,,,,,,,POLO-SHORT-ADULT-MEDIUM,453.59237,shopify,continue,999,manual,35.00,,true,true,,,,,,,,,,,,,,,,,,,,,lb,,,true,,,true,,,
polo-short,,,,,,,,Size,Adult Large,product.metafields.shopify.size,,,,,,,POLO-SHORT-ADULT-LARGE,453.59237,shopify,continue,999,manual,35.00,,true,true,,,,,,,,,,,,,,,,,,,,,lb,,,true,,,true,,,
polo-short,,,,,,,,Size,Adult X-Large,product.metafields.shopify.size,,,,,,,POLO-SHORT-ADULT-X-LARGE,453.59237,shopify,continue,999,manual,35.00,,true,true,,,,,,,,,,,,,,,,,,,,,lb,,,true,,,true,,,
polo-short,,,,,,,,Size,Adult 2XL,product.metafields.shopify.size,,,,,,,POLO-SHORT-ADULT-2XL,453.59237,shopify,continue,999,manual,35.00,,true,true,,,,,,,,,,,,,,,,,,,,,lb,,,true,,,true,,,
polo-short,,,,,,,,Size,Adult 3XL,product.metafields.shopify.size,,,,,,,POLO-SHORT-ADULT-3XL,453.59237,shopify,continue,999,manual,35.00,,true,true,,,,,,,,,,,,,,,,,,,,,lb,,,true,,,true,,,
soccer-crew,Soccer Jersey Crew Neck,<p>Custom Besu Customs Soccer Jersey Crew Neck configured in the 3D configurator.</p>,Besu Customs,,Soccer Uniforms,"Configurator, Soccer, Custom Order, Made to Order",true,Size,Youth Small,product.metafields.shopify.size,,,,,,,SOCCER-CREW-YOUTH-SMALL,453.59237,shopify,continue,999,manual,35.00,,true,true,,,,,,,,,false,Soccer Jersey Crew Neck,Custom Besu Customs Soccer Jersey Crew Neck checkout item.,,,,,youth-small; youth-medium; youth-large; adult-x-small; adult-small; adult-medium; adult-large; adult-x-large; adult-2xl; adult-3xl,,unisex,,,lb,,,true,,,true,,,active
soccer-crew,,,,,,,,Size,Youth Medium,product.metafields.shopify.size,,,,,,,SOCCER-CREW-YOUTH-MEDIUM,453.59237,shopify,continue,999,manual,35.00,,true,true,,,,,,,,,,,,,,,,,,,,,lb,,,true,,,true,,,
soccer-crew,,,,,,,,Size,Youth Large,product.metafields.shopify.size,,,,,,,SOCCER-CREW-YOUTH-LARGE,453.59237,shopify,continue,999,manual,35.00,,true,true,,,,,,,,,,,,,,,,,,,,,lb,,,true,,,true,,,
soccer-crew,,,,,,,,Size,Adult X-Small,product.metafields.shopify.size,,,,,,,SOCCER-CREW-ADULT-X-SMALL,453.59237,shopify,continue,999,manual,35.00,,true,true,,,,,,,,,,,,,,,,,,,,,lb,,,true,,,true,,,
soccer-crew,,,,,,,,Size,Adult Small,product.metafields.shopify.size,,,,,,,SOCCER-CREW-ADULT-SMALL,453.59237,shopify,continue,999,manual,35.00,,true,true,,,,,,,,,,,,,,,,,,,,,lb,,,true,,,true,,,
soccer-crew,,,,,,,,Size,Adult Medium,product.metafields.shopify.size,,,,,,,SOCCER-CREW-ADULT-MEDIUM,453.59237,shopify,continue,999,manual,35.00,,true,true,,,,,,,,,,,,,,,,,,,,,lb,,,true,,,true,,,
soccer-crew,,,,,,,,Size,Adult Large,product.metafields.shopify.size,,,,,,,SOCCER-CREW-ADULT-LARGE,453.59237,shopify,continue,999,manual,35.00,,true,true,,,,,,,,,,,,,,,,,,,,,lb,,,true,,,true,,,
soccer-crew,,,,,,,,Size,Adult X-Large,product.metafields.shopify.size,,,,,,,SOCCER-CREW-ADULT-X-LARGE,453.59237,shopify,continue,999,manual,35.00,,true,true,,,,,,,,,,,,,,,,,,,,,lb,,,true,,,true,,,
soccer-crew,,,,,,,,Size,Adult 2XL,product.metafields.shopify.size,,,,,,,SOCCER-CREW-ADULT-2XL,453.59237,shopify,continue,999,manual,35.00,,true,true,,,,,,,,,,,,,,,,,,,,,lb,,,true,,,true,,,
soccer-crew,,,,,,,,Size,Adult 3XL,product.metafields.shopify.size,,,,,,,SOCCER-CREW-ADULT-3XL,453.59237,shopify,continue,999,manual,35.00,,true,true,,,,,,,,,,,,,,,,,,,,,lb,,,true,,,true,,,
soccer-vneck,Soccer Jersey V-Neck,<p>Custom Besu Customs Soccer Jersey V-Neck configured in the 3D configurator.</p>,Besu Customs,,Soccer Uniforms,"Configurator, Soccer, Custom Order, Made to Order",true,Size,Youth Small,product.metafields.shopify.size,,,,,,,SOCCER-VNECK-YOUTH-SMALL,453.59237,shopify,continue,999,manual,35.00,,true,true,,,,,,,,,false,Soccer Jersey V-Neck,Custom Besu Customs Soccer Jersey V-Neck checkout item.,,,,,youth-small; youth-medium; youth-large; adult-x-small; adult-small; adult-medium; adult-large; adult-x-large; adult-2xl; adult-3xl,,unisex,,,lb,,,true,,,true,,,active
soccer-vneck,,,,,,,,Size,Youth Medium,product.metafields.shopify.size,,,,,,,SOCCER-VNECK-YOUTH-MEDIUM,453.59237,shopify,continue,999,manual,35.00,,true,true,,,,,,,,,,,,,,,,,,,,,lb,,,true,,,true,,,
soccer-vneck,,,,,,,,Size,Youth Large,product.metafields.shopify.size,,,,,,,SOCCER-VNECK-YOUTH-LARGE,453.59237,shopify,continue,999,manual,35.00,,true,true,,,,,,,,,,,,,,,,,,,,,lb,,,true,,,true,,,
soccer-vneck,,,,,,,,Size,Adult X-Small,product.metafields.shopify.size,,,,,,,SOCCER-VNECK-ADULT-X-SMALL,453.59237,shopify,continue,999,manual,35.00,,true,true,,,,,,,,,,,,,,,,,,,,,lb,,,true,,,true,,,
soccer-vneck,,,,,,,,Size,Adult Small,product.metafields.shopify.size,,,,,,,SOCCER-VNECK-ADULT-SMALL,453.59237,shopify,continue,999,manual,35.00,,true,true,,,,,,,,,,,,,,,,,,,,,lb,,,true,,,true,,,
soccer-vneck,,,,,,,,Size,Adult Medium,product.metafields.shopify.size,,,,,,,SOCCER-VNECK-ADULT-MEDIUM,453.59237,shopify,continue,999,manual,35.00,,true,true,,,,,,,,,,,,,,,,,,,,,lb,,,true,,,true,,,
soccer-vneck,,,,,,,,Size,Adult Large,product.metafields.shopify.size,,,,,,,SOCCER-VNECK-ADULT-LARGE,453.59237,shopify,continue,999,manual,35.00,,true,true,,,,,,,,,,,,,,,,,,,,,lb,,,true,,,true,,,
soccer-vneck,,,,,,,,Size,Adult X-Large,product.metafields.shopify.size,,,,,,,SOCCER-VNECK-ADULT-X-LARGE,453.59237,shopify,continue,999,manual,35.00,,true,true,,,,,,,,,,,,,,,,,,,,,lb,,,true,,,true,,,
soccer-vneck,,,,,,,,Size,Adult 2XL,product.metafields.shopify.size,,,,,,,SOCCER-VNECK-ADULT-2XL,453.59237,shopify,continue,999,manual,35.00,,true,true,,,,,,,,,,,,,,,,,,,,,lb,,,true,,,true,,,
soccer-vneck,,,,,,,,Size,Adult 3XL,product.metafields.shopify.size,,,,,,,SOCCER-VNECK-ADULT-3XL,453.59237,shopify,continue,999,manual,35.00,,true,true,,,,,,,,,,,,,,,,,,,,,lb,,,true,,,true,,,
standard-bottom,"Baseball Standard Bottom Cut, Cuffed","<p>Custom Besu Customs Baseball Standard Bottom Cut, Cuffed configured in the 3D configurator.</p>",Besu Customs,,Baseball Pants,"Configurator, Shorts, Custom Order, Made to Order",true,Size,Youth Small,product.metafields.shopify.size,,,,,,,STANDARD-BOTTOM-YOUTH-SMALL,453.59237,shopify,continue,999,manual,30.00,,true,true,,,,,,,,,false,"Baseball Standard Bottom Cut, Cuffed","Custom Besu Customs Baseball Standard Bottom Cut, Cuffed checkout item.",,,,,youth-small; youth-medium; youth-large; adult-x-small; adult-small; adult-medium; adult-large; adult-x-large; adult-2xl; adult-3xl,,unisex,,,lb,,,true,,,true,,,active
standard-bottom,,,,,,,,Size,Youth Medium,product.metafields.shopify.size,,,,,,,STANDARD-BOTTOM-YOUTH-MEDIUM,453.59237,shopify,continue,999,manual,30.00,,true,true,,,,,,,,,,,,,,,,,,,,,lb,,,true,,,true,,,
standard-bottom,,,,,,,,Size,Youth Large,product.metafields.shopify.size,,,,,,,STANDARD-BOTTOM-YOUTH-LARGE,453.59237,shopify,continue,999,manual,30.00,,true,true,,,,,,,,,,,,,,,,,,,,,lb,,,true,,,true,,,
standard-bottom,,,,,,,,Size,Adult X-Small,product.metafields.shopify.size,,,,,,,STANDARD-BOTTOM-ADULT-X-SMALL,453.59237,shopify,continue,999,manual,30.00,,true,true,,,,,,,,,,,,,,,,,,,,,lb,,,true,,,true,,,
standard-bottom,,,,,,,,Size,Adult Small,product.metafields.shopify.size,,,,,,,STANDARD-BOTTOM-ADULT-SMALL,453.59237,shopify,continue,999,manual,30.00,,true,true,,,,,,,,,,,,,,,,,,,,,lb,,,true,,,true,,,
standard-bottom,,,,,,,,Size,Adult Medium,product.metafields.shopify.size,,,,,,,STANDARD-BOTTOM-ADULT-MEDIUM,453.59237,shopify,continue,999,manual,30.00,,true,true,,,,,,,,,,,,,,,,,,,,,lb,,,true,,,true,,,
standard-bottom,,,,,,,,Size,Adult Large,product.metafields.shopify.size,,,,,,,STANDARD-BOTTOM-ADULT-LARGE,453.59237,shopify,continue,999,manual,30.00,,true,true,,,,,,,,,,,,,,,,,,,,,lb,,,true,,,true,,,
standard-bottom,,,,,,,,Size,Adult X-Large,product.metafields.shopify.size,,,,,,,STANDARD-BOTTOM-ADULT-X-LARGE,453.59237,shopify,continue,999,manual,30.00,,true,true,,,,,,,,,,,,,,,,,,,,,lb,,,true,,,true,,,
standard-bottom,,,,,,,,Size,Adult 2XL,product.metafields.shopify.size,,,,,,,STANDARD-BOTTOM-ADULT-2XL,453.59237,shopify,continue,999,manual,30.00,,true,true,,,,,,,,,,,,,,,,,,,,,lb,,,true,,,true,,,
standard-bottom,,,,,,,,Size,Adult 3XL,product.metafields.shopify.size,,,,,,,STANDARD-BOTTOM-ADULT-3XL,453.59237,shopify,continue,999,manual,30.00,,true,true,,,,,,,,,,,,,,,,,,,,,lb,,,true,,,true,,,
track-compression,Track & Field Compression Shorts,<p>Custom Besu Customs Track & Field Compression Shorts configured in the 3D configurator.</p>,Besu Customs,,Track and Field,"Configurator, Track & Field, Custom Order, Made to Order",true,Size,Youth Small,product.metafields.shopify.size,,,,,,,TRACK-COMPRESSION-YOUTH-SMALL,453.59237,shopify,continue,999,manual,35.00,,true,true,,,,,,,,,false,Track & Field Compression Shorts,Custom Besu Customs Track & Field Compression Shorts checkout item.,,,,,youth-small; youth-medium; youth-large; adult-x-small; adult-small; adult-medium; adult-large; adult-x-large; adult-2xl; adult-3xl,,unisex,,,lb,,,true,,,true,,,active
track-compression,,,,,,,,Size,Youth Medium,product.metafields.shopify.size,,,,,,,TRACK-COMPRESSION-YOUTH-MEDIUM,453.59237,shopify,continue,999,manual,35.00,,true,true,,,,,,,,,,,,,,,,,,,,,lb,,,true,,,true,,,
track-compression,,,,,,,,Size,Youth Large,product.metafields.shopify.size,,,,,,,TRACK-COMPRESSION-YOUTH-LARGE,453.59237,shopify,continue,999,manual,35.00,,true,true,,,,,,,,,,,,,,,,,,,,,lb,,,true,,,true,,,
track-compression,,,,,,,,Size,Adult X-Small,product.metafields.shopify.size,,,,,,,TRACK-COMPRESSION-ADULT-X-SMALL,453.59237,shopify,continue,999,manual,35.00,,true,true,,,,,,,,,,,,,,,,,,,,,lb,,,true,,,true,,,
track-compression,,,,,,,,Size,Adult Small,product.metafields.shopify.size,,,,,,,TRACK-COMPRESSION-ADULT-SMALL,453.59237,shopify,continue,999,manual,35.00,,true,true,,,,,,,,,,,,,,,,,,,,,lb,,,true,,,true,,,
track-compression,,,,,,,,Size,Adult Medium,product.metafields.shopify.size,,,,,,,TRACK-COMPRESSION-ADULT-MEDIUM,453.59237,shopify,continue,999,manual,35.00,,true,true,,,,,,,,,,,,,,,,,,,,,lb,,,true,,,true,,,
track-compression,,,,,,,,Size,Adult Large,product.metafields.shopify.size,,,,,,,TRACK-COMPRESSION-ADULT-LARGE,453.59237,shopify,continue,999,manual,35.00,,true,true,,,,,,,,,,,,,,,,,,,,,lb,,,true,,,true,,,
track-compression,,,,,,,,Size,Adult X-Large,product.metafields.shopify.size,,,,,,,TRACK-COMPRESSION-ADULT-X-LARGE,453.59237,shopify,continue,999,manual,35.00,,true,true,,,,,,,,,,,,,,,,,,,,,lb,,,true,,,true,,,
track-compression,,,,,,,,Size,Adult 2XL,product.metafields.shopify.size,,,,,,,TRACK-COMPRESSION-ADULT-2XL,453.59237,shopify,continue,999,manual,35.00,,true,true,,,,,,,,,,,,,,,,,,,,,lb,,,true,,,true,,,
track-compression,,,,,,,,Size,Adult 3XL,product.metafields.shopify.size,,,,,,,TRACK-COMPRESSION-ADULT-3XL,453.59237,shopify,continue,999,manual,35.00,,true,true,,,,,,,,,,,,,,,,,,,,,lb,,,true,,,true,,,
track-mid-shorts,Track & Field Mid-Length Shorts,<p>Custom Besu Customs Track & Field Mid-Length Shorts configured in the 3D configurator.</p>,Besu Customs,,Track and Field,"Configurator, Track & Field, Custom Order, Made to Order",true,Size,Youth Small,product.metafields.shopify.size,,,,,,,TRACK-MID-SHORTS-YOUTH-SMALL,453.59237,shopify,continue,999,manual,35.00,,true,true,,,,,,,,,false,Track & Field Mid-Length Shorts,Custom Besu Customs Track & Field Mid-Length Shorts checkout item.,,,,,youth-small; youth-medium; youth-large; adult-x-small; adult-small; adult-medium; adult-large; adult-x-large; adult-2xl; adult-3xl,,unisex,,,lb,,,true,,,true,,,active
track-mid-shorts,,,,,,,,Size,Youth Medium,product.metafields.shopify.size,,,,,,,TRACK-MID-SHORTS-YOUTH-MEDIUM,453.59237,shopify,continue,999,manual,35.00,,true,true,,,,,,,,,,,,,,,,,,,,,lb,,,true,,,true,,,
track-mid-shorts,,,,,,,,Size,Youth Large,product.metafields.shopify.size,,,,,,,TRACK-MID-SHORTS-YOUTH-LARGE,453.59237,shopify,continue,999,manual,35.00,,true,true,,,,,,,,,,,,,,,,,,,,,lb,,,true,,,true,,,
track-mid-shorts,,,,,,,,Size,Adult X-Small,product.metafields.shopify.size,,,,,,,TRACK-MID-SHORTS-ADULT-X-SMALL,453.59237,shopify,continue,999,manual,35.00,,true,true,,,,,,,,,,,,,,,,,,,,,lb,,,true,,,true,,,
track-mid-shorts,,,,,,,,Size,Adult Small,product.metafields.shopify.size,,,,,,,TRACK-MID-SHORTS-ADULT-SMALL,453.59237,shopify,continue,999,manual,35.00,,true,true,,,,,,,,,,,,,,,,,,,,,lb,,,true,,,true,,,
track-mid-shorts,,,,,,,,Size,Adult Medium,product.metafields.shopify.size,,,,,,,TRACK-MID-SHORTS-ADULT-MEDIUM,453.59237,shopify,continue,999,manual,35.00,,true,true,,,,,,,,,,,,,,,,,,,,,lb,,,true,,,true,,,
track-mid-shorts,,,,,,,,Size,Adult Large,product.metafields.shopify.size,,,,,,,TRACK-MID-SHORTS-ADULT-LARGE,453.59237,shopify,continue,999,manual,35.00,,true,true,,,,,,,,,,,,,,,,,,,,,lb,,,true,,,true,,,
track-mid-shorts,,,,,,,,Size,Adult X-Large,product.metafields.shopify.size,,,,,,,TRACK-MID-SHORTS-ADULT-X-LARGE,453.59237,shopify,continue,999,manual,35.00,,true,true,,,,,,,,,,,,,,,,,,,,,lb,,,true,,,true,,,
track-mid-shorts,,,,,,,,Size,Adult 2XL,product.metafields.shopify.size,,,,,,,TRACK-MID-SHORTS-ADULT-2XL,453.59237,shopify,continue,999,manual,35.00,,true,true,,,,,,,,,,,,,,,,,,,,,lb,,,true,,,true,,,
track-mid-shorts,,,,,,,,Size,Adult 3XL,product.metafields.shopify.size,,,,,,,TRACK-MID-SHORTS-ADULT-3XL,453.59237,shopify,continue,999,manual,35.00,,true,true,,,,,,,,,,,,,,,,,,,,,lb,,,true,,,true,,,
track-split-shorts,Track & Field Split Shorts,<p>Custom Besu Customs Track & Field Split Shorts configured in the 3D configurator.</p>,Besu Customs,,Track and Field,"Configurator, Track & Field, Custom Order, Made to Order",true,Size,Youth Small,product.metafields.shopify.size,,,,,,,TRACK-SPLIT-SHORTS-YOUTH-SMALL,453.59237,shopify,continue,999,manual,35.00,,true,true,,,,,,,,,false,Track & Field Split Shorts,Custom Besu Customs Track & Field Split Shorts checkout item.,,,,,youth-small; youth-medium; youth-large; adult-x-small; adult-small; adult-medium; adult-large; adult-x-large; adult-2xl; adult-3xl,,unisex,,,lb,,,true,,,true,,,active
track-split-shorts,,,,,,,,Size,Youth Medium,product.metafields.shopify.size,,,,,,,TRACK-SPLIT-SHORTS-YOUTH-MEDIUM,453.59237,shopify,continue,999,manual,35.00,,true,true,,,,,,,,,,,,,,,,,,,,,lb,,,true,,,true,,,
track-split-shorts,,,,,,,,Size,Youth Large,product.metafields.shopify.size,,,,,,,TRACK-SPLIT-SHORTS-YOUTH-LARGE,453.59237,shopify,continue,999,manual,35.00,,true,true,,,,,,,,,,,,,,,,,,,,,lb,,,true,,,true,,,
track-split-shorts,,,,,,,,Size,Adult X-Small,product.metafields.shopify.size,,,,,,,TRACK-SPLIT-SHORTS-ADULT-X-SMALL,453.59237,shopify,continue,999,manual,35.00,,true,true,,,,,,,,,,,,,,,,,,,,,lb,,,true,,,true,,,
track-split-shorts,,,,,,,,Size,Adult Small,product.metafields.shopify.size,,,,,,,TRACK-SPLIT-SHORTS-ADULT-SMALL,453.59237,shopify,continue,999,manual,35.00,,true,true,,,,,,,,,,,,,,,,,,,,,lb,,,true,,,true,,,
track-split-shorts,,,,,,,,Size,Adult Medium,product.metafields.shopify.size,,,,,,,TRACK-SPLIT-SHORTS-ADULT-MEDIUM,453.59237,shopify,continue,999,manual,35.00,,true,true,,,,,,,,,,,,,,,,,,,,,lb,,,true,,,true,,,
track-split-shorts,,,,,,,,Size,Adult Large,product.metafields.shopify.size,,,,,,,TRACK-SPLIT-SHORTS-ADULT-LARGE,453.59237,shopify,continue,999,manual,35.00,,true,true,,,,,,,,,,,,,,,,,,,,,lb,,,true,,,true,,,
track-split-shorts,,,,,,,,Size,Adult X-Large,product.metafields.shopify.size,,,,,,,TRACK-SPLIT-SHORTS-ADULT-X-LARGE,453.59237,shopify,continue,999,manual,35.00,,true,true,,,,,,,,,,,,,,,,,,,,,lb,,,true,,,true,,,
track-split-shorts,,,,,,,,Size,Adult 2XL,product.metafields.shopify.size,,,,,,,TRACK-SPLIT-SHORTS-ADULT-2XL,453.59237,shopify,continue,999,manual,35.00,,true,true,,,,,,,,,,,,,,,,,,,,,lb,,,true,,,true,,,
track-split-shorts,,,,,,,,Size,Adult 3XL,product.metafields.shopify.size,,,,,,,TRACK-SPLIT-SHORTS-ADULT-3XL,453.59237,shopify,continue,999,manual,35.00,,true,true,,,,,,,,,,,,,,,,,,,,,lb,,,true,,,true,,,
track-crop,Track & Field Crop Top,<p>Custom Besu Customs Track & Field Crop Top configured in the 3D configurator.</p>,Besu Customs,,Track and Field,"Configurator, Track & Field, Custom Order, Made to Order",true,Size,X-Small,product.metafields.shopify.size,,,,,,,TRACK-CROP-X-SMALL,453.59237,shopify,continue,999,manual,35.00,,true,true,,,,,,,,,false,Track & Field Crop Top,Custom Besu Customs Track & Field Crop Top checkout item.,,,,,x-small; small; medium; large; x-large; 2xl,,unisex,,,lb,,,true,,,true,,,active
track-crop,,,,,,,,Size,Small,product.metafields.shopify.size,,,,,,,TRACK-CROP-SMALL,453.59237,shopify,continue,999,manual,35.00,,true,true,,,,,,,,,,,,,,,,,,,,,lb,,,true,,,true,,,
track-crop,,,,,,,,Size,Medium,product.metafields.shopify.size,,,,,,,TRACK-CROP-MEDIUM,453.59237,shopify,continue,999,manual,35.00,,true,true,,,,,,,,,,,,,,,,,,,,,lb,,,true,,,true,,,
track-crop,,,,,,,,Size,Large,product.metafields.shopify.size,,,,,,,TRACK-CROP-LARGE,453.59237,shopify,continue,999,manual,35.00,,true,true,,,,,,,,,,,,,,,,,,,,,lb,,,true,,,true,,,
track-crop,,,,,,,,Size,X-Large,product.metafields.shopify.size,,,,,,,TRACK-CROP-X-LARGE,453.59237,shopify,continue,999,manual,35.00,,true,true,,,,,,,,,,,,,,,,,,,,,lb,,,true,,,true,,,
track-crop,,,,,,,,Size,2XL,product.metafields.shopify.size,,,,,,,TRACK-CROP-2XL,453.59237,shopify,continue,999,manual,35.00,,true,true,,,,,,,,,,,,,,,,,,,,,lb,,,true,,,true,,,
track-short-sleeve,Track & Field Short Sleeve,<p>Custom Besu Customs Track & Field Short Sleeve configured in the 3D configurator.</p>,Besu Customs,,Track and Field,"Configurator, Track & Field, Custom Order, Made to Order",true,Size,Youth Small,product.metafields.shopify.size,,,,,,,TRACK-SHORT-SLEEVE-YOUTH-SMALL,453.59237,shopify,continue,999,manual,35.00,,true,true,,,,,,,,,false,Track & Field Short Sleeve,Custom Besu Customs Track & Field Short Sleeve checkout item.,,,,,youth-small; youth-medium; youth-large; adult-x-small; adult-small; adult-medium; adult-large; adult-x-large; adult-2xl; adult-3xl,,unisex,,,lb,,,true,,,true,,,active
track-short-sleeve,,,,,,,,Size,Youth Medium,product.metafields.shopify.size,,,,,,,TRACK-SHORT-SLEEVE-YOUTH-MEDIUM,453.59237,shopify,continue,999,manual,35.00,,true,true,,,,,,,,,,,,,,,,,,,,,lb,,,true,,,true,,,
track-short-sleeve,,,,,,,,Size,Youth Large,product.metafields.shopify.size,,,,,,,TRACK-SHORT-SLEEVE-YOUTH-LARGE,453.59237,shopify,continue,999,manual,35.00,,true,true,,,,,,,,,,,,,,,,,,,,,lb,,,true,,,true,,,
track-short-sleeve,,,,,,,,Size,Adult X-Small,product.metafields.shopify.size,,,,,,,TRACK-SHORT-SLEEVE-ADULT-X-SMALL,453.59237,shopify,continue,999,manual,35.00,,true,true,,,,,,,,,,,,,,,,,,,,,lb,,,true,,,true,,,
track-short-sleeve,,,,,,,,Size,Adult Small,product.metafields.shopify.size,,,,,,,TRACK-SHORT-SLEEVE-ADULT-SMALL,453.59237,shopify,continue,999,manual,35.00,,true,true,,,,,,,,,,,,,,,,,,,,,lb,,,true,,,true,,,
track-short-sleeve,,,,,,,,Size,Adult Medium,product.metafields.shopify.size,,,,,,,TRACK-SHORT-SLEEVE-ADULT-MEDIUM,453.59237,shopify,continue,999,manual,35.00,,true,true,,,,,,,,,,,,,,,,,,,,,lb,,,true,,,true,,,
track-short-sleeve,,,,,,,,Size,Adult Large,product.metafields.shopify.size,,,,,,,TRACK-SHORT-SLEEVE-ADULT-LARGE,453.59237,shopify,continue,999,manual,35.00,,true,true,,,,,,,,,,,,,,,,,,,,,lb,,,true,,,true,,,
track-short-sleeve,,,,,,,,Size,Adult X-Large,product.metafields.shopify.size,,,,,,,TRACK-SHORT-SLEEVE-ADULT-X-LARGE,453.59237,shopify,continue,999,manual,35.00,,true,true,,,,,,,,,,,,,,,,,,,,,lb,,,true,,,true,,,
track-short-sleeve,,,,,,,,Size,Adult 2XL,product.metafields.shopify.size,,,,,,,TRACK-SHORT-SLEEVE-ADULT-2XL,453.59237,shopify,continue,999,manual,35.00,,true,true,,,,,,,,,,,,,,,,,,,,,lb,,,true,,,true,,,
track-short-sleeve,,,,,,,,Size,Adult 3XL,product.metafields.shopify.size,,,,,,,TRACK-SHORT-SLEEVE-ADULT-3XL,453.59237,shopify,continue,999,manual,35.00,,true,true,,,,,,,,,,,,,,,,,,,,,lb,,,true,,,true,,,
track-tank,Track & Field Tank Top,<p>Custom Besu Customs Track & Field Tank Top configured in the 3D configurator.</p>,Besu Customs,,Track and Field,"Configurator, Track & Field, Custom Order, Made to Order",true,Size,Youth Small,product.metafields.shopify.size,,,,,,,TRACK-TANK-YOUTH-SMALL,453.59237,shopify,continue,999,manual,35.00,,true,true,,,,,,,,,false,Track & Field Tank Top,Custom Besu Customs Track & Field Tank Top checkout item.,,,,,youth-small; youth-medium; youth-large; adult-x-small; adult-small; adult-medium; adult-large; adult-x-large; adult-2xl; adult-3xl,,unisex,,,lb,,,true,,,true,,,active
track-tank,,,,,,,,Size,Youth Medium,product.metafields.shopify.size,,,,,,,TRACK-TANK-YOUTH-MEDIUM,453.59237,shopify,continue,999,manual,35.00,,true,true,,,,,,,,,,,,,,,,,,,,,lb,,,true,,,true,,,
track-tank,,,,,,,,Size,Youth Large,product.metafields.shopify.size,,,,,,,TRACK-TANK-YOUTH-LARGE,453.59237,shopify,continue,999,manual,35.00,,true,true,,,,,,,,,,,,,,,,,,,,,lb,,,true,,,true,,,
track-tank,,,,,,,,Size,Adult X-Small,product.metafields.shopify.size,,,,,,,TRACK-TANK-ADULT-X-SMALL,453.59237,shopify,continue,999,manual,35.00,,true,true,,,,,,,,,,,,,,,,,,,,,lb,,,true,,,true,,,
track-tank,,,,,,,,Size,Adult Small,product.metafields.shopify.size,,,,,,,TRACK-TANK-ADULT-SMALL,453.59237,shopify,continue,999,manual,35.00,,true,true,,,,,,,,,,,,,,,,,,,,,lb,,,true,,,true,,,
track-tank,,,,,,,,Size,Adult Medium,product.metafields.shopify.size,,,,,,,TRACK-TANK-ADULT-MEDIUM,453.59237,shopify,continue,999,manual,35.00,,true,true,,,,,,,,,,,,,,,,,,,,,lb,,,true,,,true,,,
track-tank,,,,,,,,Size,Adult Large,product.metafields.shopify.size,,,,,,,TRACK-TANK-ADULT-LARGE,453.59237,shopify,continue,999,manual,35.00,,true,true,,,,,,,,,,,,,,,,,,,,,lb,,,true,,,true,,,
track-tank,,,,,,,,Size,Adult X-Large,product.metafields.shopify.size,,,,,,,TRACK-TANK-ADULT-X-LARGE,453.59237,shopify,continue,999,manual,35.00,,true,true,,,,,,,,,,,,,,,,,,,,,lb,,,true,,,true,,,
track-tank,,,,,,,,Size,Adult 2XL,product.metafields.shopify.size,,,,,,,TRACK-TANK-ADULT-2XL,453.59237,shopify,continue,999,manual,35.00,,true,true,,,,,,,,,,,,,,,,,,,,,lb,,,true,,,true,,,
track-tank,,,,,,,,Size,Adult 3XL,product.metafields.shopify.size,,,,,,,TRACK-TANK-ADULT-3XL,453.59237,shopify,continue,999,manual,35.00,,true,true,,,,,,,,,,,,,,,,,,,,,lb,,,true,,,true,,,
volleyball-long,Volleyball Long Sleeve Tops,<p>Custom Besu Customs Volleyball Long Sleeve Tops configured in the 3D configurator.</p>,Besu Customs,,Volleyball Uniforms,"Configurator, Volleyball, Custom Order, Made to Order",true,Size,Youth Small,product.metafields.shopify.size,,,,,,,VOLLEYBALL-LONG-YOUTH-SMALL,453.59237,shopify,continue,999,manual,35.00,,true,true,,,,,,,,,false,Volleyball Long Sleeve Tops,Custom Besu Customs Volleyball Long Sleeve Tops checkout item.,,,,,youth-small; youth-medium; youth-large; adult-x-small; adult-small; adult-medium; adult-large; adult-x-large; adult-2xl; adult-3xl,,unisex,,,lb,,,true,,,true,,,active
volleyball-long,,,,,,,,Size,Youth Medium,product.metafields.shopify.size,,,,,,,VOLLEYBALL-LONG-YOUTH-MEDIUM,453.59237,shopify,continue,999,manual,35.00,,true,true,,,,,,,,,,,,,,,,,,,,,lb,,,true,,,true,,,
volleyball-long,,,,,,,,Size,Youth Large,product.metafields.shopify.size,,,,,,,VOLLEYBALL-LONG-YOUTH-LARGE,453.59237,shopify,continue,999,manual,35.00,,true,true,,,,,,,,,,,,,,,,,,,,,lb,,,true,,,true,,,
volleyball-long,,,,,,,,Size,Adult X-Small,product.metafields.shopify.size,,,,,,,VOLLEYBALL-LONG-ADULT-X-SMALL,453.59237,shopify,continue,999,manual,35.00,,true,true,,,,,,,,,,,,,,,,,,,,,lb,,,true,,,true,,,
volleyball-long,,,,,,,,Size,Adult Small,product.metafields.shopify.size,,,,,,,VOLLEYBALL-LONG-ADULT-SMALL,453.59237,shopify,continue,999,manual,35.00,,true,true,,,,,,,,,,,,,,,,,,,,,lb,,,true,,,true,,,
volleyball-long,,,,,,,,Size,Adult Medium,product.metafields.shopify.size,,,,,,,VOLLEYBALL-LONG-ADULT-MEDIUM,453.59237,shopify,continue,999,manual,35.00,,true,true,,,,,,,,,,,,,,,,,,,,,lb,,,true,,,true,,,
volleyball-long,,,,,,,,Size,Adult Large,product.metafields.shopify.size,,,,,,,VOLLEYBALL-LONG-ADULT-LARGE,453.59237,shopify,continue,999,manual,35.00,,true,true,,,,,,,,,,,,,,,,,,,,,lb,,,true,,,true,,,
volleyball-long,,,,,,,,Size,Adult X-Large,product.metafields.shopify.size,,,,,,,VOLLEYBALL-LONG-ADULT-X-LARGE,453.59237,shopify,continue,999,manual,35.00,,true,true,,,,,,,,,,,,,,,,,,,,,lb,,,true,,,true,,,
volleyball-long,,,,,,,,Size,Adult 2XL,product.metafields.shopify.size,,,,,,,VOLLEYBALL-LONG-ADULT-2XL,453.59237,shopify,continue,999,manual,35.00,,true,true,,,,,,,,,,,,,,,,,,,,,lb,,,true,,,true,,,
volleyball-long,,,,,,,,Size,Adult 3XL,product.metafields.shopify.size,,,,,,,VOLLEYBALL-LONG-ADULT-3XL,453.59237,shopify,continue,999,manual,35.00,,true,true,,,,,,,,,,,,,,,,,,,,,lb,,,true,,,true,,,
volleyball-short,Volleyball Short Sleeve Tops,<p>Custom Besu Customs Volleyball Short Sleeve Tops configured in the 3D configurator.</p>,Besu Customs,,Volleyball Uniforms,"Configurator, Volleyball, Custom Order, Made to Order",true,Size,Youth Small,product.metafields.shopify.size,,,,,,,VOLLEYBALL-SHORT-YOUTH-SMALL,453.59237,shopify,continue,999,manual,35.00,,true,true,,,,,,,,,false,Volleyball Short Sleeve Tops,Custom Besu Customs Volleyball Short Sleeve Tops checkout item.,,,,,youth-small; youth-medium; youth-large; adult-x-small; adult-small; adult-medium; adult-large; adult-x-large; adult-2xl; adult-3xl,,unisex,,,lb,,,true,,,true,,,active
volleyball-short,,,,,,,,Size,Youth Medium,product.metafields.shopify.size,,,,,,,VOLLEYBALL-SHORT-YOUTH-MEDIUM,453.59237,shopify,continue,999,manual,35.00,,true,true,,,,,,,,,,,,,,,,,,,,,lb,,,true,,,true,,,
volleyball-short,,,,,,,,Size,Youth Large,product.metafields.shopify.size,,,,,,,VOLLEYBALL-SHORT-YOUTH-LARGE,453.59237,shopify,continue,999,manual,35.00,,true,true,,,,,,,,,,,,,,,,,,,,,lb,,,true,,,true,,,
volleyball-short,,,,,,,,Size,Adult X-Small,product.metafields.shopify.size,,,,,,,VOLLEYBALL-SHORT-ADULT-X-SMALL,453.59237,shopify,continue,999,manual,35.00,,true,true,,,,,,,,,,,,,,,,,,,,,lb,,,true,,,true,,,
volleyball-short,,,,,,,,Size,Adult Small,product.metafields.shopify.size,,,,,,,VOLLEYBALL-SHORT-ADULT-SMALL,453.59237,shopify,continue,999,manual,35.00,,true,true,,,,,,,,,,,,,,,,,,,,,lb,,,true,,,true,,,
volleyball-short,,,,,,,,Size,Adult Medium,product.metafields.shopify.size,,,,,,,VOLLEYBALL-SHORT-ADULT-MEDIUM,453.59237,shopify,continue,999,manual,35.00,,true,true,,,,,,,,,,,,,,,,,,,,,lb,,,true,,,true,,,
volleyball-short,,,,,,,,Size,Adult Large,product.metafields.shopify.size,,,,,,,VOLLEYBALL-SHORT-ADULT-LARGE,453.59237,shopify,continue,999,manual,35.00,,true,true,,,,,,,,,,,,,,,,,,,,,lb,,,true,,,true,,,
volleyball-short,,,,,,,,Size,Adult X-Large,product.metafields.shopify.size,,,,,,,VOLLEYBALL-SHORT-ADULT-X-LARGE,453.59237,shopify,continue,999,manual,35.00,,true,true,,,,,,,,,,,,,,,,,,,,,lb,,,true,,,true,,,
volleyball-short,,,,,,,,Size,Adult 2XL,product.metafields.shopify.size,,,,,,,VOLLEYBALL-SHORT-ADULT-2XL,453.59237,shopify,continue,999,manual,35.00,,true,true,,,,,,,,,,,,,,,,,,,,,lb,,,true,,,true,,,
volleyball-short,,,,,,,,Size,Adult 3XL,product.metafields.shopify.size,,,,,,,VOLLEYBALL-SHORT-ADULT-3XL,453.59237,shopify,continue,999,manual,35.00,,true,true,,,,,,,,,,,,,,,,,,,,,lb,,,true,,,true,,,
volleyball-spandex-4,Volleyball Shorts Spandex 4,<p>Custom Besu Customs Volleyball Shorts Spandex 4 configured in the 3D configurator.</p>,Besu Customs,,Volleyball Shorts,"Configurator, Volleyball, Custom Order, Made to Order",true,Size,Youth Small,product.metafields.shopify.size,,,,,,,VOLLEYBALL-SPANDEX-4-YOUTH-SMALL,453.59237,shopify,continue,999,manual,35.00,,true,true,,,,,,,,,false,Volleyball Shorts Spandex 4,Custom Besu Customs Volleyball Shorts Spandex 4 checkout item.,,,,,youth-small; youth-medium; youth-large; adult-x-small; adult-small; adult-medium; adult-large; adult-x-large; adult-2xl; adult-3xl,,unisex,,,lb,,,true,,,true,,,active
volleyball-spandex-4,,,,,,,,Size,Youth Medium,product.metafields.shopify.size,,,,,,,VOLLEYBALL-SPANDEX-4-YOUTH-MEDIUM,453.59237,shopify,continue,999,manual,35.00,,true,true,,,,,,,,,,,,,,,,,,,,,lb,,,true,,,true,,,
volleyball-spandex-4,,,,,,,,Size,Youth Large,product.metafields.shopify.size,,,,,,,VOLLEYBALL-SPANDEX-4-YOUTH-LARGE,453.59237,shopify,continue,999,manual,35.00,,true,true,,,,,,,,,,,,,,,,,,,,,lb,,,true,,,true,,,
volleyball-spandex-4,,,,,,,,Size,Adult X-Small,product.metafields.shopify.size,,,,,,,VOLLEYBALL-SPANDEX-4-ADULT-X-SMALL,453.59237,shopify,continue,999,manual,35.00,,true,true,,,,,,,,,,,,,,,,,,,,,lb,,,true,,,true,,,
volleyball-spandex-4,,,,,,,,Size,Adult Small,product.metafields.shopify.size,,,,,,,VOLLEYBALL-SPANDEX-4-ADULT-SMALL,453.59237,shopify,continue,999,manual,35.00,,true,true,,,,,,,,,,,,,,,,,,,,,lb,,,true,,,true,,,
volleyball-spandex-4,,,,,,,,Size,Adult Medium,product.metafields.shopify.size,,,,,,,VOLLEYBALL-SPANDEX-4-ADULT-MEDIUM,453.59237,shopify,continue,999,manual,35.00,,true,true,,,,,,,,,,,,,,,,,,,,,lb,,,true,,,true,,,
volleyball-spandex-4,,,,,,,,Size,Adult Large,product.metafields.shopify.size,,,,,,,VOLLEYBALL-SPANDEX-4-ADULT-LARGE,453.59237,shopify,continue,999,manual,35.00,,true,true,,,,,,,,,,,,,,,,,,,,,lb,,,true,,,true,,,
volleyball-spandex-4,,,,,,,,Size,Adult X-Large,product.metafields.shopify.size,,,,,,,VOLLEYBALL-SPANDEX-4-ADULT-X-LARGE,453.59237,shopify,continue,999,manual,35.00,,true,true,,,,,,,,,,,,,,,,,,,,,lb,,,true,,,true,,,
volleyball-spandex-4,,,,,,,,Size,Adult 2XL,product.metafields.shopify.size,,,,,,,VOLLEYBALL-SPANDEX-4-ADULT-2XL,453.59237,shopify,continue,999,manual,35.00,,true,true,,,,,,,,,,,,,,,,,,,,,lb,,,true,,,true,,,
volleyball-spandex-4,,,,,,,,Size,Adult 3XL,product.metafields.shopify.size,,,,,,,VOLLEYBALL-SPANDEX-4-ADULT-3XL,453.59237,shopify,continue,999,manual,35.00,,true,true,,,,,,,,,,,,,,,,,,,,,lb,,,true,,,true,,,
volleyball-spandex,Volleyball Shorts Spandex,<p>Custom Besu Customs Volleyball Shorts Spandex configured in the 3D configurator.</p>,Besu Customs,,Volleyball Shorts,"Configurator, Volleyball, Custom Order, Made to Order",true,Size,Youth Small,product.metafields.shopify.size,,,,,,,VOLLEYBALL-SPANDEX-YOUTH-SMALL,453.59237,shopify,continue,999,manual,35.00,,true,true,,,,,,,,,false,Volleyball Shorts Spandex,Custom Besu Customs Volleyball Shorts Spandex checkout item.,,,,,youth-small; youth-medium; youth-large; adult-x-small; adult-small; adult-medium; adult-large; adult-x-large; adult-2xl; adult-3xl,,unisex,,,lb,,,true,,,true,,,active
volleyball-spandex,,,,,,,,Size,Youth Medium,product.metafields.shopify.size,,,,,,,VOLLEYBALL-SPANDEX-YOUTH-MEDIUM,453.59237,shopify,continue,999,manual,35.00,,true,true,,,,,,,,,,,,,,,,,,,,,lb,,,true,,,true,,,
volleyball-spandex,,,,,,,,Size,Youth Large,product.metafields.shopify.size,,,,,,,VOLLEYBALL-SPANDEX-YOUTH-LARGE,453.59237,shopify,continue,999,manual,35.00,,true,true,,,,,,,,,,,,,,,,,,,,,lb,,,true,,,true,,,
volleyball-spandex,,,,,,,,Size,Adult X-Small,product.metafields.shopify.size,,,,,,,VOLLEYBALL-SPANDEX-ADULT-X-SMALL,453.59237,shopify,continue,999,manual,35.00,,true,true,,,,,,,,,,,,,,,,,,,,,lb,,,true,,,true,,,
volleyball-spandex,,,,,,,,Size,Adult Small,product.metafields.shopify.size,,,,,,,VOLLEYBALL-SPANDEX-ADULT-SMALL,453.59237,shopify,continue,999,manual,35.00,,true,true,,,,,,,,,,,,,,,,,,,,,lb,,,true,,,true,,,
volleyball-spandex,,,,,,,,Size,Adult Medium,product.metafields.shopify.size,,,,,,,VOLLEYBALL-SPANDEX-ADULT-MEDIUM,453.59237,shopify,continue,999,manual,35.00,,true,true,,,,,,,,,,,,,,,,,,,,,lb,,,true,,,true,,,
volleyball-spandex,,,,,,,,Size,Adult Large,product.metafields.shopify.size,,,,,,,VOLLEYBALL-SPANDEX-ADULT-LARGE,453.59237,shopify,continue,999,manual,35.00,,true,true,,,,,,,,,,,,,,,,,,,,,lb,,,true,,,true,,,
volleyball-spandex,,,,,,,,Size,Adult X-Large,product.metafields.shopify.size,,,,,,,VOLLEYBALL-SPANDEX-ADULT-X-LARGE,453.59237,shopify,continue,999,manual,35.00,,true,true,,,,,,,,,,,,,,,,,,,,,lb,,,true,,,true,,,
volleyball-spandex,,,,,,,,Size,Adult 2XL,product.metafields.shopify.size,,,,,,,VOLLEYBALL-SPANDEX-ADULT-2XL,453.59237,shopify,continue,999,manual,35.00,,true,true,,,,,,,,,,,,,,,,,,,,,lb,,,true,,,true,,,
volleyball-spandex,,,,,,,,Size,Adult 3XL,product.metafields.shopify.size,,,,,,,VOLLEYBALL-SPANDEX-ADULT-3XL,453.59237,shopify,continue,999,manual,35.00,,true,true,,,,,,,,,,,,,,,,,,,,,lb,,,true,,,true,,,
volleyball-spandex-alt,Volleyball Spandex,<p>Custom Besu Customs Volleyball Spandex configured in the 3D configurator.</p>,Besu Customs,,Volleyball Shorts,"Configurator, Volleyball, Custom Order, Made to Order",true,Size,Youth Small,product.metafields.shopify.size,,,,,,,VOLLEYBALL-SPANDEX-ALT-YOUTH-SMALL,453.59237,shopify,continue,999,manual,35.00,,true,true,,,,,,,,,false,Volleyball Spandex,Custom Besu Customs Volleyball Spandex checkout item.,,,,,youth-small; youth-medium; youth-large; adult-x-small; adult-small; adult-medium; adult-large; adult-x-large; adult-2xl; adult-3xl,,unisex,,,lb,,,true,,,true,,,active
volleyball-spandex-alt,,,,,,,,Size,Youth Medium,product.metafields.shopify.size,,,,,,,VOLLEYBALL-SPANDEX-ALT-YOUTH-MEDIUM,453.59237,shopify,continue,999,manual,35.00,,true,true,,,,,,,,,,,,,,,,,,,,,lb,,,true,,,true,,,
volleyball-spandex-alt,,,,,,,,Size,Youth Large,product.metafields.shopify.size,,,,,,,VOLLEYBALL-SPANDEX-ALT-YOUTH-LARGE,453.59237,shopify,continue,999,manual,35.00,,true,true,,,,,,,,,,,,,,,,,,,,,lb,,,true,,,true,,,
volleyball-spandex-alt,,,,,,,,Size,Adult X-Small,product.metafields.shopify.size,,,,,,,VOLLEYBALL-SPANDEX-ALT-ADULT-X-SMALL,453.59237,shopify,continue,999,manual,35.00,,true,true,,,,,,,,,,,,,,,,,,,,,lb,,,true,,,true,,,
volleyball-spandex-alt,,,,,,,,Size,Adult Small,product.metafields.shopify.size,,,,,,,VOLLEYBALL-SPANDEX-ALT-ADULT-SMALL,453.59237,shopify,continue,999,manual,35.00,,true,true,,,,,,,,,,,,,,,,,,,,,lb,,,true,,,true,,,
volleyball-spandex-alt,,,,,,,,Size,Adult Medium,product.metafields.shopify.size,,,,,,,VOLLEYBALL-SPANDEX-ALT-ADULT-MEDIUM,453.59237,shopify,continue,999,manual,35.00,,true,true,,,,,,,,,,,,,,,,,,,,,lb,,,true,,,true,,,
volleyball-spandex-alt,,,,,,,,Size,Adult Large,product.metafields.shopify.size,,,,,,,VOLLEYBALL-SPANDEX-ALT-ADULT-LARGE,453.59237,shopify,continue,999,manual,35.00,,true,true,,,,,,,,,,,,,,,,,,,,,lb,,,true,,,true,,,
volleyball-spandex-alt,,,,,,,,Size,Adult X-Large,product.metafields.shopify.size,,,,,,,VOLLEYBALL-SPANDEX-ALT-ADULT-X-LARGE,453.59237,shopify,continue,999,manual,35.00,,true,true,,,,,,,,,,,,,,,,,,,,,lb,,,true,,,true,,,
volleyball-spandex-alt,,,,,,,,Size,Adult 2XL,product.metafields.shopify.size,,,,,,,VOLLEYBALL-SPANDEX-ALT-ADULT-2XL,453.59237,shopify,continue,999,manual,35.00,,true,true,,,,,,,,,,,,,,,,,,,,,lb,,,true,,,true,,,
volleyball-spandex-alt,,,,,,,,Size,Adult 3XL,product.metafields.shopify.size,,,,,,,VOLLEYBALL-SPANDEX-ALT-ADULT-3XL,453.59237,shopify,continue,999,manual,35.00,,true,true,,,,,,,,,,,,,,,,,,,,,lb,,,true,,,true,,,
